season,player,sr,economy,bat_z,bowl_z,combined_z,balls_faced,balls_bowled,runs,runs_conceded,matches,bowl_per_match
2008,MF Maharoof,158.22784810126583,7.083333333333333,0.9214055526587307,0.9284604707031152,1.8498660233618458,79,216,125,255,8,27.0
2008,YK Pathan,179.01234567901236,8.272189349112425,1.701752460890819,-0.07811174430172009,1.623640716589099,243,169,435,233,15,10.958762886597938
2008,ST Jayasuriya,166.3430420711974,7.761904761904762,1.2260877563276817,0.3539324060505356,1.5800201623782173,309,126,514,163,14,9.23076923076923
2008,SR Watson,151.7684887459807,7.181818181818182,0.6788910976808264,0.8450760147487535,1.52396711242958,311,330,472,395,15,18.07079646017699
2008,SM Pollock,132.43243243243242,6.673913043478261,-0.04707457482280998,1.2751055501388056,1.2280309753159955,111,276,147,307,8,34.5
2008,SC Ganguly,113.68078175895766,6.6,-0.7510989358908964,1.337685723771444,0.5865867878805475,307,120,349,132,13,6.487179487179487
2008,PP Chawla,152.54237288135593,8.455516014234876,0.7079463149219928,-0.2333294703615288,0.474616844560464,59,281,90,396,7,36.951219512195124
2008,IK Pathan,112.93103448275863,6.811320754716981,-0.7792479429452578,1.158766159645278,0.3795182167000203,116,318,131,361,10,25.435897435897434
2008,JA Morkel,147.8527607361963,8.477815699658702,0.5318764183755814,-0.2522100105220312,0.27966640785355024,163,293,241,414,10,25.25862068965517
2008,Yuvraj Singh,162.5,9.444444444444445,1.0818020459203446,-1.070628409228375,0.011173636691969469,184,54,299,85,14,8.51578947368421
2008,DJ Bravo,132.8358208955224,8.385964912280702,-0.031929491868012354,-0.17444243457178152,-0.20637192643979388,134,171,178,239,7,25.75
2008,SK Warne,118.64406779661016,7.865384615384615,-0.5647540459234603,0.26631881454481193,-0.2984352313786484,59,312,70,409,7,36.0
2008,P Kumar,114.28571428571428,8.417910447761194,-0.7283869494607328,-0.20148985493331473,-0.9298768043940475,98,268,112,376,12,22.333333333333332
2008,SB Styris,91.05691056910568,7.444444444444445,-1.6005045021887434,0.6227174655371223,-0.9777870366516211,123,162,112,201,8,20.25
2008,JR Hopes,149.32432432432432,10.178571428571429,0.5871257739092994,-1.6921938592911072,-1.1050680853818078,148,168,221,285,11,18.94736842105263
2008,Mohammad Hafeez,77.10843373493977,6.983606557377049,-2.1241953314413218,1.0128964330377332,-1.1112988984035885,83,61,64,71,8,7.625
2008,Y Venugopal Rao,137.14285714285714,9.785714285714286,0.12977672242362986,-1.3595723481764563,-1.2297956257528264,210,84,288,137,10,7.909090909090909
2008,LR Shukla,133.60655737704917,10.216216216216216,-0.0029924522224141167,-1.7240666822234687,-1.7270591344458828,122,74,163,126,12,8.777777777777779
2008,JH Kallis,108.74316939890711,9.378640776699028,-0.9364799163452598,-1.0149142245678044,-1.9513941409130644,183,206,199,322,11,18.431578947368422
2009,Harbhajan Singh,158.49056603773585,6.181818181818182,2.1459898514645808,1.3405528515481506,3.4865427030127316,53,264,84,272,10,35.16923076923077
2009,SK Raina,140.9090909090909,6.108433734939759,1.1670458815819194,1.4113992218476514,2.578445103429571,308,166,434,169,14,6.904761904761905
2009,A Symonds,150.0,6.75,1.6732315440578323,0.7920221859829887,2.465253730040821,166,144,249,162,8,19.25
2009,JP Duminy,114.46153846153845,5.485714285714286,-0.30556502263646734,2.012581278389126,1.7070162557526585,325,105,372,96,12,10.086206896551724
2009,TM Dilshan,122.58064516129032,6.1875,0.14651027175144998,1.335067544892499,1.4815778166439488,341,96,418,99,13,7.304347826086956
2009,YK Pathan,132.78688524590163,7.085714285714285,0.7147980355993411,0.4679189241576306,1.1827169597569718,183,210,243,248,13,10.958762886597938
2009,AM Nayar,126.9736842105263,7.0,0.3911165437076575,0.5506686931343175,0.941785236841975,152,72,193,84,11,6.65
2009,DR Smith,162.87878787878788,9.142857142857142,2.390327899232042,-1.5180755312828635,0.8722523679491783,132,84,215,128,8,7.735849056603773
2009,TL Suman,124.73684210526316,7.120879120879121,0.26656822938792757,0.43397030098770684,0.7005385303756344,190,91,237,108,12,7.583333333333333
2009,JA Morkel,138.57142857142856,8.081632653061224,1.0368838540881125,-0.49355458204768765,0.5433292720404248,70,245,97,330,10,25.25862068965517
2009,RA Jadeja,110.90225563909775,6.685714285714286,-0.5037473953122588,0.854084512715504,0.35033711740324525,266,140,295,156,13,21.6734693877551
2009,Yuvraj Singh,115.64625850340136,7.1,-0.23959930972019222,0.4541272959948494,0.2145279862746572,294,120,340,142,14,8.51578947368421
2009,KP Pietersen,109.41176470588236,6.769230769230769,-0.5867385607610955,0.7734565326869371,0.1867179719258416,85,78,93,88,6,10.615384615384615
2009,RG Sharma,114.92063492063491,7.086956521739131,-0.28000233765477783,0.46671965214347505,0.18671731448869722,315,138,362,163,16,7.875
2009,RE van der Merwe,124.48979591836735,7.735294117647059,0.2528125932325669,-0.1591945211264801,0.09361807210608677,98,204,122,263,8,25.5
2009,IK Pathan,124.0506329113924,7.9072847682119205,0.22835981129430863,-0.32523669813105865,-0.09687688683675003,158,302,196,398,12,25.435897435897434
2009,CH Gayle,119.58041958041959,7.7522123893805315,-0.020543557303875585,-0.17552765702982634,-0.19607121433370192,143,113,171,146,7,12.842105263157896
2009,JH Kallis,108.73493975903614,7.812949640287769,-0.6244244600120494,-0.23416424763977808,-0.8585887076518275,332,278,361,362,15,18.431578947368422
2009,BJ Hodge,117.74193548387098,8.35,-0.1229111292437934,-0.7526401682485065,-0.8755512974923,310,120,365,167,12,7.153846153846154
2009,LR Shukla,97.6470588235294,7.285714285714286,-1.2418023592593364,0.27483612987869344,-0.9669662293806429,85,84,83,102,6,8.777777777777779
2009,DJ Bravo,107.38916256157636,7.949999999999999,-0.6993579034585766,-0.3664745796906323,-1.065832483149209,203,200,218,265,10,25.75
2009,Y Venugopal Rao,108.77192982456141,8.2,-0.6223648375215262,-0.6078280725393035,-1.2301929100608295,114,90,124,123,12,7.909090909090909
2009,SK Warne,93.10344827586206,7.38,-1.4947925159207256,0.18381138400433744,-1.3109811319163882,116,300,108,369,10,36.0
2009,ST Jayasuriya,115.10416666666667,8.68421052631579,-0.26978321242522857,-1.0752916797409409,-1.3450748921661695,192,114,221,165,12,9.23076923076923
2009,AB Agarkar,115.78947368421053,9.451612903225806,-0.231625027890997,-1.8161526560913608,-2.047777683982358,57,186,66,293,5,37.2
2009,A Flintoff,116.98113207547169,9.636363636363637,-0.165272984746191,-1.9945135950880335,-2.1597865798342246,53,66,62,106,3,22.0
2009,SC Ganguly,91.30434782608695,8.166666666666666,-1.5949671897540396,-0.5756476068261475,-2.170614796580187,207,72,189,98,11,6.487179487179487
2009,JDP Oram,94.6236559139785,8.872340425531915,-1.4101467117766258,-1.2569149128812624,-2.6670616246578884,93,94,88,139,8,11.75
2010,KA Pollard,185.71428571428572,7.426008968609866,1.9961662082051312,0.7405082397648042,2.7366744479699356,147,223,273,276,14,12.075
2010,Harbhajan Singh,166.66666666666669,7.173913043478261,1.2596232743195914,0.9966933011885458,2.256316575508137,63,322,105,385,7,35.16923076923077
2010,YK Pathan,165.67164179104478,7.470588235294118,1.2211471509076595,0.695205872549751,1.9163530234574104,201,204,333,254,14,10.958762886597938
2010,PD Collingwood,130.12820512820514,6.808988764044943,-0.15326437289353675,1.367536855652325,1.2142724827587883,156,89,203,101,7,12.714285714285714
2010,Yuvraj Singh,128.14070351758795,6.739130434782608,-0.23011808693131328,1.4385283259178139,1.2084102389865006,199,138,255,155,14,8.51578947368421
2010,KP Pietersen,150.31847133757964,7.7,0.6274630173700592,0.46207292126613136,1.0895359386361905,157,60,236,77,7,10.615384615384615
2010,SK Raina,142.85714285714286,7.594405594405595,0.33894460696266543,0.5693801269224069,0.9083247338850724,364,143,520,181,16,6.904761904761905
2010,SR Watson,162.28070175438597,8.409090909090908,1.090024572438052,-0.25851983724687355,0.8315047351911784,114,132,185,185,5,18.07079646017699
2010,A Symonds,125.80645161290323,7.264150943396227,-0.320380116112294,0.9049916922824708,0.5846115761701768,341,318,429,385,16,19.25
2010,JA Morkel,151.14503816793894,8.601398601398602,0.6594251201800378,-0.4539468674155893,0.20547825276444853,131,286,198,410,11,25.25862068965517
2010,RG Sharma,133.7748344370861,8.368421052631579,-0.012254672770837156,-0.21719029306765322,-0.2294449658384904,302,114,404,159,16,7.875
2010,CH Gayle,158.69565217391303,9.5625,0.9513960682914021,-1.4306378659178696,-0.47924179762646746,184,96,292,153,9,12.842105263157896
2010,AD Mathews,126.63043478260869,8.415929203539823,-0.28851791959471784,-0.2654690526398412,-0.5539869722345591,184,226,233,317,10,19.68421052631579
2010,AC Voges,126.57342657342659,8.444444444444445,-0.29072234176116146,-0.2944468266314262,-0.5851691683925877,143,54,181,76,7,7.714285714285714
2010,PP Chawla,103.33333333333334,7.571428571428571,-1.1893819808498305,0.592729850007501,-0.5966521308423295,60,294,62,371,6,36.951219512195124
2010,IK Pathan,148.38709677419354,9.388489208633093,0.5527796522842733,-1.2538045226123289,-0.7010248703280556,186,278,276,435,13,25.435897435897434
2010,A Mishra,76.47058823529412,6.934579439252336,-2.228124147903115,1.2399090297544701,-0.9882151181486447,51,321,39,371,7,48.8421052631579
2010,JH Kallis,115.78947368421053,8.466472303206997,-0.7077216675062601,-0.31683198952992186,-1.024553657036182,494,343,572,484,16,18.431578947368422
2010,DJ Bravo,115.09433962264151,8.828025477707007,-0.7346014617667306,-0.6842497578610832,-1.4188512196278138,53,157,61,231,8,25.75
2010,R McLaren,95.65217391304348,8.22439024390244,-1.48640092484063,-0.07082322441343684,-1.5572241492540668,69,205,66,281,7,28.636363636363637
2010,AB McDonald,125.0,9.857142857142858,-0.3515643935550288,-1.730059994283508,-2.081624387838537,52,84,65,138,3,28.0
2010,RS Bopara,115.88785046728971,10.153846153846153,-0.7039175844734039,-2.0315759836866665,-2.7354935681600705,214,78,248,132,9,11.647058823529411
2011,CH Gayle,183.13253012048193,7.2110091743119265,2.9061082016267927,0.7356620441208268,3.6417702457476198,332,218,608,262,12,12.842105263157896
2011,YK Pathan,140.7960199004975,6.256410256410256,0.8502156137669129,1.7571202013354223,2.6073358151023354,201,234,283,244,11,10.958762886597938
2011,Harbhajan Singh,145.07042253521126,7.037735849056604,1.057783801333035,0.9210712753598445,1.9788550766928794,71,318,103,373,8,35.16923076923077
2011,Yuvraj Singh,131.4176245210728,6.6171428571428565,0.3947937226759175,1.3711222175942492,1.7659159402701667,261,175,343,193,13,8.51578947368421
2011,SR Watson,130.43478260869566,6.857142857142858,0.3470661846196416,1.114312836047521,1.4613790206671626,253,217,330,248,11,18.07079646017699
2011,JD Ryder,148.2233502538071,7.760869565217391,1.2108923285365678,0.14728993193135212,1.35818226046792,197,92,292,119,13,7.076923076923077
2011,J Botha,116.16161616161615,6.722222222222222,-0.34604944894029144,1.2586831894302715,0.91263374048998,198,216,230,242,9,25.545454545454547
2011,SK Raina,134.76923076923077,7.6,0.5575502278108216,0.31942665506955664,0.8769768828803783,325,165,438,209,16,6.904761904761905
2011,BJ Hodge,120.76271186440677,7.0,-0.12261680174642808,0.9614501089363743,0.8388333071899462,236,66,285,77,14,7.153846153846154
2011,RA Jadeja,124.12280701754386,7.309523809523809,0.04055193096072897,0.6302475335288891,0.670799464489618,228,252,283,307,12,21.6734693877551
2011,PC Valthaty,136.98224852071007,7.903448275862068,0.6650160243166703,-0.005274861828603881,0.6597411624880664,338,145,463,191,14,10.357142857142858
2011,JH Kallis,112.16931216931216,7.083333333333333,-0.5399187155287031,0.8722801847882055,0.3323614692595024,378,144,424,170,14,18.431578947368422
2011,DT Christian,119.49685534591194,7.789090909090909,-0.1840877406628617,0.11709199082061972,-0.06699574984224199,159,275,190,357,13,21.85
2011,JA Morkel,135.29411764705884,8.63468634686347,0.5830391270135306,-0.7877281817339861,-0.2046890547204555,102,271,138,390,12,25.25862068965517
2011,V Kohli,121.08695652173913,8.076923076923077,-0.10687123877491762,-0.19089968005535007,-0.2977709188302677,460,104,557,140,16,6.5
2011,AL Menaria,118.42105263157893,8.066666666666666,-0.2363295247613713,-0.17992492016019082,-0.41625444492156216,152,90,180,121,10,9.0
2011,IK Pathan,108.69565217391303,7.673913043478261,-0.7086022418793331,0.2403368093033542,-0.46826543257597886,138,276,150,353,12,25.435897435897434
2011,JP Duminy,117.81609195402298,8.277777777777779,-0.26570686754355655,-0.4058220613355538,-0.6715289288791104,174,108,205,149,10,10.086206896551724
2011,JR Hopes,124.0506329113924,8.65625,0.03704710240728418,-0.810802133508488,-0.7737550311012038,158,192,196,277,8,18.94736842105263
2011,JEC Franklin,137.17948717948718,9.428571428571429,0.6745940810462463,-1.6372162519531275,-0.9626221709068812,78,63,107,99,5,9.5625
2011,TM Dilshan,125.55555555555556,9.0,0.11012727111653844,-1.1786280706196859,-1.0685007995031475,180,72,226,108,10,7.304347826086956
2011,KA Pollard,109.77443609022556,8.568093385214008,-0.6562156883838948,-0.7164711096649722,-1.3726867980488668,133,257,146,367,12,12.075
2011,RV Gomez,92.0,8.333333333333334,-1.5193555934305445,-0.46526867743433303,-1.9846242708648776,50,90,46,125,8,11.25
2011,PP Chawla,87.27272727272727,8.225806451612902,-1.7489154912655944,-0.3502107107915323,-2.0991262020571266,55,248,48,340,6,36.951219512195124
2011,AM Nayar,91.04477611940298,9.344262295081968,-1.565741979215813,-1.5470021834940908,-3.1127441627099035,67,61,61,95,9,6.65
2011,R McLaren,93.75,9.927272727272728,-1.434374285097377,-2.170846135686587,-3.605220420783964,96,110,90,182,4,28.636363636363637
2012,DR Smith,160.20408163265304,7.443037974683545,1.9796945003301494,0.46302083861906757,2.442715338949217,98,79,157,98,6,7.735849056603773
2012,SR Watson,151.78571428571428,7.1223021582733805,1.5155100507356647,0.9020194073496829,2.4175294580853475,168,139,255,165,7,18.07079646017699
2012,JA Morkel,157.35294117647058,7.89261744966443,1.8224840806813938,-0.1523290410927614,1.6701550395886324,68,298,107,392,12,25.25862068965517
2012,Harbhajan Singh,135.0,7.203703703703703,0.5899543906351461,0.7906032196088261,1.3805576102439723,80,324,108,389,11,35.16923076923077
2012,Shakib Al Hasan,122.97297297297298,6.766666666666667,-0.07320969935061908,1.38878597290687,1.3155762735562508,74,180,91,203,7,26.526315789473685
2012,SK Raina,135.69230769230768,7.571428571428571,0.6281278810353632,0.2872896438919484,0.9154175249273115,325,84,441,106,18,6.904761904761905
2012,SL Malinga,103.77358490566037,6.377245508982036,-1.1318540914627284,1.9217957651102773,0.7899416736475489,53,334,55,355,6,55.666666666666664
2012,IK Pathan,139.68253968253967,7.95,0.8481472225307984,-0.23086987182808935,0.6172773507027091,126,360,176,477,12,25.435897435897434
2012,MJ Clarke,104.25531914893618,6.545454545454546,-1.1052915128355185,1.6915641461863877,0.5862726333508692,94,66,98,72,6,11.0
2012,STR Binny,134.32835820895522,7.8,0.5529204074110542,-0.025561384467319422,0.5273590229437348,67,60,90,78,6,9.073170731707316
2012,Azhar Mahmood,130.98591549295776,7.6976744186046515,0.36861983361979944,0.11449401776328226,0.4831138513830817,142,258,186,331,10,26.1
2012,KA Pollard,138.36477987421384,8.0,0.7754866238521376,-0.2993060342816789,0.4761805895704587,159,264,220,352,11,12.075
2012,DJ Bravo,140.53030303030303,8.184971098265896,0.8948924578894113,-0.5524802768845544,0.34241218100485693,264,346,371,472,16,25.75
2012,PP Chawla,120.45454545454545,7.456140350877193,-0.21207449858155122,0.4450873117047371,0.23301281312318586,88,342,106,425,12,36.951219512195124
2012,AD Mathews,117.59259259259258,7.5,-0.36988110872835567,0.3850555902542192,0.015174481525863537,108,156,127,195,8,19.68421052631579
2012,RA Jadeja,126.49006622516556,7.942857142857143,0.12072101525940045,-0.22109327719186225,-0.1003722619324618,151,210,191,278,14,21.6734693877551
2012,J Botha,107.40740740740742,7.414634146341464,-0.9314869860155093,0.5018978188335184,-0.4295891671819909,54,246,58,304,7,25.545454545454547
2012,JH Kallis,106.51041666666667,7.54601226993865,-0.9809465945265944,0.32207752664662126,-0.6588690678799731,384,326,409,410,17,18.431578947368422
2012,JP Duminy,128.42105263157896,8.666666666666666,0.22719461344009456,-1.2117882003295422,-0.9845935868894475,190,72,244,104,9,10.086206896551724
2012,MN Samuels,100.8130081300813,7.569767441860465,-1.2950987735273707,0.2895632705515356,-1.005535502975835,123,172,124,217,8,21.5
2012,YK Pathan,114.79289940828403,8.363636363636363,-0.5242547522430057,-0.7970235793986953,-1.321278331641701,169,132,194,184,16,10.958762886597938
2012,DT Christian,122.88135593220339,8.88888888888889,-0.07826141589973984,-1.5159489223454983,-1.5942103382452382,118,162,145,240,7,21.85
2012,R Vinay Kumar,109.6774193548387,8.688427299703264,-0.8063196937169068,-1.2415724846812535,-2.0478921783981603,62,337,68,488,7,48.142857142857146
2012,JEC Franklin,98.65470852017937,8.4,-1.4141063049398161,-0.8467953339103979,-2.260901638850214,223,90,220,126,11,9.5625
2012,SC Ganguly,98.8929889298893,9.540983606557377,-1.4009676455926954,-2.408486123015267,-3.8094537686079626,271,61,268,97,15,6.487179487179487
2013,Harbhajan Singh,146.8354430379747,6.625592417061612,0.9442942564722451,1.0799272137291902,2.0242214702014354,79,422,116,466,13,35.16923076923077
2013,STR Binny,147.23618090452263,6.791666666666667,0.9602009852432589,0.9120429124462591,1.872243897689518,199,144,293,163,16,9.073170731707316
2013,RA Jadeja,148.88888888888889,7.523076923076923,1.0258029156808928,0.17266097851838985,1.1984638941992827,135,260,201,326,14,21.6734693877551
2013,Yuvraj Singh,125.26315789473684,6.909090909090909,0.08801258860691319,0.7933388572423189,0.8813514458492321,190,132,238,152,13,8.51578947368421
2013,SR Watson,142.89473684210526,7.656000000000001,0.7878734391336578,0.038289166231550396,0.8261626053652082,380,250,543,319,16,18.07079646017699
2013,DJG Sammy,131.8181818181818,7.511111111111111,0.34820508934548583,0.18475720647630997,0.5329622958217958,132,135,174,169,9,12.222222222222221
2013,NLTC Perera,142.94478527607362,8.14404432132964,0.7898600416761291,-0.4550743749338027,0.3347856667423264,163,361,233,490,14,23.333333333333332
2013,Azhar Mahmood,127.27272727272727,7.613636363636363,0.16777963262895734,0.08111452601867618,0.24889415864763353,154,264,196,335,10,26.1
2013,A Mishra,92.70833333333334,6.336898395721925,-1.2042056111529769,1.3717677258641772,0.1675621147112003,96,374,89,395,6,48.8421052631579
2013,R Bhatia,123.75,7.619771863117871,0.027949903673648073,0.07491215541682653,0.1028620590904746,80,263,99,334,10,28.88235294117647
2013,YK Pathan,138.33333333333334,8.222222222222221,0.6068149106391771,-0.5341043407372301,0.07271056990194702,240,54,332,74,16,10.958762886597938
2013,KV Sharma,98.83720930232558,6.746411483253588,-0.9609284570628135,0.9577913344009191,-0.003137122661894365,86,209,85,235,7,28.0
2013,JP Faulkner,100.0,6.902374670184697,-0.914773107670213,0.8001282967773468,-0.11464481089286627,57,379,57,436,9,27.25581395348837
2013,PP Chawla,112.28070175438596,7.422857142857143,-0.4273078386466101,0.27397305921084786,-0.15333477943576224,57,350,64,433,10,36.951219512195124
2013,AD Mathews,123.74100719424462,7.903225806451613,0.027592946834820897,-0.21163116683599545,-0.18403822000117456,139,186,172,245,10,19.68421052631579
2013,LJ Wright,176.66666666666666,10.271186440677965,2.128402928948566,-2.6054003242338735,-0.4769973952853075,60,59,106,101,5,11.8
2013,KA Pollard,149.46619217081852,9.419354838709678,1.0487181615082357,-1.7442845663890594,-0.6955664048808237,281,186,420,292,18,12.075
2013,DJ Bravo,114.15094339622642,8.058510638297873,-0.3530712141187562,-0.36860845594821023,-0.7216796700669664,106,376,121,505,12,25.75
2013,J Botha,82.6923076923077,6.84,-1.6017777313216097,0.8631827916590893,-0.7385949396625204,52,100,43,114,6,25.545454545454547
2013,MC Henriques,132.0,8.834645669291339,0.35542210761414716,-1.1532026220481055,-0.7977805144339584,125,127,165,187,9,16.681818181818183
2013,B Kumar,73.23943661971832,6.664723032069971,-1.9769962190435773,1.0403701121612312,-0.936626106882346,71,343,52,381,9,38.111111111111114
2013,JH Kallis,96.58385093167702,7.583850931677019,-1.0503723639602747,0.11122459091312314,-0.9391477730471516,322,322,311,407,15,18.431578947368422
2013,IK Pathan,93.42105263157895,7.616883116883116,-1.1759152160757147,0.07783238624345243,-1.0980828298322622,152,308,142,391,13,25.435897435897434
2013,MR Marsh,132.0754716981132,9.435897435897436,0.3584178510464215,-1.7610074621834186,-1.402589611136997,106,117,140,184,8,12.44
2014,Shakib Al Hasan,149.3421052631579,6.78,0.737258205248281,1.2048587365620804,1.9421169418103614,152,300,227,339,11,26.526315789473685
2014,JP Faulkner,192.5531914893617,10.107692307692307,2.421991542323906,-0.9371894691824479,1.484802073141458,94,260,181,438,12,27.25581395348837
2014,SK Raina,145.6824512534819,7.5,0.5945739625984225,0.7413919957907263,1.3359659583891488,359,108,523,135,16,6.904761904761905
2014,JP Duminy,134.4262295081967,7.333333333333333,0.15571130766479901,0.8486759635618734,1.0043872712266724,305,198,410,242,14,10.086206896551724
2014,R Bhatia,126.41509433962264,7.552631578947368,-0.15663044684844793,0.7075128480735222,0.5508824012250743,53,228,67,287,7,28.88235294117647
2014,AR Patel,103.33333333333334,6.424242424242424,-1.0565525650322398,1.4338612423135835,0.37730867728134365,60,396,62,424,7,25.8046875
2014,RA Jadeja,132.72727272727275,8.208588957055214,0.08947161371011292,0.2852705868005132,0.3747422005106261,110,326,146,446,10,21.6734693877551
2014,Yuvraj Singh,135.25179856115108,8.426470588235293,0.1878989665977219,0.14501935141582217,0.3329183180135441,278,136,376,191,14,8.51578947368421
2014,SR Watson,122.44897959183673,7.8604651162790695,-0.3112631191049079,0.5093592282856879,0.19809610918078002,196,129,240,169,13,18.07079646017699
2014,GJ Maxwell,187.75510204081633,12.090909090909092,2.234921464846121,-2.21379366190541,0.02112780294071115,294,66,552,133,16,7.175438596491228
2014,STR Binny,101.65289256198346,7.222222222222222,-1.1220703484467518,0.9201986087426376,-0.2018717397041142,121,54,123,65,11,9.073170731707316
2014,R Dhawan,109.33333333333333,7.880281690140845,-0.8226218563817397,0.4966032242565603,-0.3260186321251794,75,284,82,373,6,47.333333333333336
2014,MG Johnson,112.00000000000001,8.256880733944953,-0.7186526525370719,0.25418498618781216,-0.46446766634925973,50,327,56,450,8,40.875
2014,CJ Anderson,146.40883977900552,10.444444444444445,0.6228947263536445,-1.1539581014995348,-0.5310633751458903,181,108,265,188,11,10.045454545454545
2014,MA Starc,101.19047619047619,7.7592592592592595,-1.1400992466931335,0.5745058237022754,-0.565593422990858,84,324,85,419,8,40.5
2014,DR Smith,136.05769230769232,9.9,0.21931951580195527,-0.8034971401137885,-0.5841776243118332,416,60,566,99,16,7.735849056603773
2014,JH Kallis,117.05426356589147,8.772727272727273,-0.5215947429245058,-0.07786739446166822,-0.599462137386174,129,132,151,193,7,18.431578947368422
2014,KA Pollard,134.48275862068965,10.460526315789474,0.15791529022227518,-1.1643100633020143,-1.0063947730797391,203,152,273,265,15,12.075
2014,IK Pathan,101.85185185185186,8.830985915492958,-1.1143132338348327,-0.11536870457885501,-1.2296819384136877,54,142,55,209,6,25.435897435897434
2014,DJG Sammy,118.68131868131869,11.223529411764707,-0.4581583835636208,-1.6554580606493667,-2.1136164442129877,91,85,108,159,9,12.222222222222221
2015,AD Russell,192.89940828402368,8.130612244897959,2.5106351251641303,0.48843590910243495,2.9990710342665654,169,245,326,332,11,15.268518518518519
2015,MC Henriques,136.01895734597156,6.56,-0.09888966221171856,2.2296313692220426,2.130741707010324,211,150,287,164,9,16.681818181818183
2015,Harbhajan Singh,160.27397260273972,7.859649122807017,1.0138663459930826,0.7888281666931907,1.8026945126862732,73,342,117,448,9,35.16923076923077
2015,P Negi,158.9041095890411,8.633333333333333,0.9510206506688825,-0.06888540284679812,0.8821352478220844,73,180,116,259,9,17.08
2015,DJ Hooda,158.94736842105263,8.637362637362637,0.9530052515738571,-0.0733523270708109,0.8796529245030462,95,91,151,131,9,7.571428571428571
2015,JP Duminy,131.42857142857142,7.529411764705882,-0.30948443840508233,1.1549323980561308,0.8454479596510485,315,102,414,128,13,10.086206896551724
2015,AD Mathews,138.46153846153845,8.3,0.013169505061582326,0.3006510556851686,0.3138205607467509,104,180,144,249,10,19.68421052631579
2015,D Wiese,141.86046511627907,8.503937007874015,0.16910327861196944,0.0745645767250608,0.24366785533703023,86,254,122,360,7,36.285714285714285
2015,KA Pollard,163.671875,9.428571428571429,1.1697531293167833,-0.9504938110587797,0.2192593182580036,256,77,419,121,14,12.075
2015,SK Raina,122.62295081967214,7.833333333333333,-0.7134630438520732,0.8180020976299248,0.10453905377785166,305,72,374,94,17,6.904761904761905
2015,STR Binny,112.12121212121211,7.526315789473684,-1.195255065403056,1.1583646252251583,-0.036890440177897776,66,114,74,143,8,9.073170731707316
2015,HH Pandya,180.64516129032256,10.36893203883495,1.9484426538787731,-1.9929864000380055,-0.0445437461592324,62,103,112,178,8,14.079365079365079
2015,DJ Bravo,131.75675675675674,8.41904761904762,-0.2944281627492266,0.16867374906660904,-0.12575441368261758,148,315,195,442,13,25.75
2015,RS Bopara,120.83333333333333,8.2,-0.7955659652161898,0.41151199324476057,-0.38405397197142926,120,120,145,164,8,11.647058823529411
2015,KV Sharma,122.3529411764706,8.485355648535565,-0.7258503728050787,0.0951640458989828,-0.6306863269060959,85,239,104,338,9,28.0
2015,Yuvraj Singh,118.0952380952381,8.333333333333334,-0.9211825395606329,0.2636974098319719,-0.657485129728661,210,54,248,75,13,8.51578947368421
2015,RA Jadeja,104.76190476190477,7.828125,-1.5328806407161841,0.8237761047944865,-0.7091045359216976,126,256,132,334,11,21.6734693877551
2015,AR Patel,118.39080459770115,8.55,-0.9076227294364955,0.023498711786192575,-0.8841240176503029,174,280,206,399,12,25.8046875
2015,SR Watson,135.0194552529183,9.306818181818182,-0.14474417714334406,-0.8155170201988883,-0.9602611973422324,257,176,347,273,9,18.07079646017699
2015,JA Morkel,132.3076923076923,9.416666666666666,-0.2691526954717494,-0.9372960803969228,-1.2064487758686722,65,72,86,113,3,25.25862068965517
2015,JP Faulkner,132.11009174311928,9.586715867158672,-0.2782180872319925,-1.125814218374948,-1.4040323056069406,109,271,144,433,11,27.25581395348837
2015,GJ Maxwell,129.46428571428572,9.7,-0.39960067652174747,-1.2514020701490953,-1.6510027466708428,112,60,145,97,11,7.175438596491228
2015,YK Pathan,135.06493506493507,10.0,-0.14265768354447655,-1.5839848828278673,-1.726642566372344,231,60,312,100,12,10.958762886597938
2016,CH Gayle,151.33333333333334,6.39344262295082,0.6398908343117344,2.3502984052124027,2.9901892395241374,150,61,227,65,10,12.842105263157896
2016,CH Morris,178.89908256880733,7.245283018867925,1.5921615293478402,1.348232777176009,2.9403943065238494,109,265,195,320,7,30.066666666666666
2016,KH Pandya,191.1290322580645,7.636363636363636,2.014650415514525,0.8881836336251359,2.9028340491396607,124,187,237,238,8,21.983739837398375
2016,AD Russell,164.91228070175438,8.246575342465754,1.1089814270587834,0.17035881639272735,1.2793402434515109,114,219,188,301,8,15.268518518518519
2016,DJ Hooda,119.00826446280992,7.461538461538462,-0.4767926099681009,1.093839880320448,0.6170472703523472,121,78,144,97,15,7.571428571428571
2016,AR Patel,144.15584415584414,8.257839721254355,0.39194137539167656,0.1571079223762644,0.549049297767941,77,287,111,395,10,25.8046875
2016,DR Smith,146.60633484162895,8.477064220183486,0.4765946329033142,-0.10077763488693144,0.3758169980163828,221,109,324,154,12,7.735849056603773
2016,SK Raina,127.88461538461537,8.4,-0.17015523945852634,-0.010122851939992622,-0.18027809139851897,312,60,399,84,15,6.904761904761905
2016,MC Henriques,115.18987341772151,8.038461538461538,-0.6087005752972883,0.41517426622591536,-0.19352630907137292,158,312,182,418,15,16.681818181818183
2016,SR Watson,133.5820895522388,8.647058823529411,0.02666646269100135,-0.3007514207992975,-0.27408495810829614,134,340,179,490,15,18.07079646017699
2016,GJ Maxwell,144.35483870967744,9.0,0.39881572807001325,-0.7159350905983066,-0.31711936252829337,124,54,179,81,10,7.175438596491228
2016,RA Jadeja,107.909604519774,7.9338842975206605,-0.8602006039842107,0.5381940937945668,-0.3220065101896439,177,242,191,320,15,21.6734693877551
2016,Shakib Al Hasan,107.54716981132076,7.967741935483871,-0.8727210672872663,0.4983655350504063,-0.37435553223685997,106,186,114,247,7,26.526315789473685
2016,MP Stoinis,135.1851851851852,8.826086956521738,0.08204609266422394,-0.5113518330161856,-0.4293057403519617,108,138,146,203,5,9.127906976744185
2016,Harbhajan Singh,109.52380952380953,8.204081632653061,-0.8044371959958104,0.2203464504790495,-0.584090745516761,84,294,92,402,7,35.16923076923077
2016,NLTC Perera,161.29032258064515,9.829145728643217,0.983859321799922,-1.691303762111054,-0.7074444403111321,93,199,150,326,10,23.333333333333332
2016,DJ Bravo,120.73170731707317,8.937685459940653,-0.41725553333489035,-0.6426311488978881,-1.0598866822327784,82,337,99,502,12,25.75
2016,JP Faulkner,130.5084745762712,9.692307692307693,-0.07951289214661213,-1.5303338275117475,-1.6098467196583597,59,104,77,168,5,27.25581395348837
2016,P Negi,96.61016949152543,9.333333333333334,-1.2505444599030096,-1.1080530009640375,-2.3585974608670472,59,54,57,84,6,17.08
2016,HH Pandya,69.84126984126983,9.299999999999999,-2.1752876423773073,-1.0688412099274625,-3.2441288523047698,63,100,44,155,9,14.079365079365079
2017,GJ Maxwell,173.18435754189946,6.631578947368421,1.5044735562643645,1.4084793007981458,2.9129528570625105,179,114,310,126,13,7.175438596491228
2017,SP Narine,172.30769230769232,6.983050847457627,1.4719256719709213,1.1494504352783355,2.6213761072492567,130,354,224,412,14,24.876712328767123
2017,CH Morris,163.82978723404256,7.774193548387097,1.1571671271798656,0.5663916011751632,1.7235587283550289,94,186,154,241,8,30.066666666666666
2017,P Negi,129.72972972972974,6.27979274611399,-0.10886314611359427,1.6677398009784772,1.558876654864883,111,193,144,202,10,17.08
2017,KH Pandya,135.75418994413408,6.970954356846473,0.11480653569627539,1.1583653449453188,1.2731718806415941,179,241,243,280,11,21.983739837398375
2017,BA Stokes,142.98642533936652,7.431818181818182,0.38331719591409813,0.8187164748329617,1.2020336707470598,221,264,316,327,11,17.025
2017,HH Pandya,156.25,8.423076923076923,0.875752935951376,0.08817549241109997,0.963928428362476,160,156,250,219,16,14.079365079365079
2017,AR Patel,140.12345679012347,7.625,0.27702397765866454,0.6763447313451033,0.9533687090037679,162,288,227,366,13,25.8046875
2017,PJ Cummins,145.2830188679245,8.482014388489208,0.46858265132385896,0.04473957392520541,0.5133222252490643,53,278,77,393,8,33.714285714285715
2017,SK Raina,143.9739413680782,8.5,0.41998062932776264,0.03148448142950951,0.45146511075727214,307,72,442,102,14,6.904761904761905
2017,C de Grandhomme,136.95652173913044,8.326530612244898,0.15944541792737224,0.15932849599003512,0.3187739139174074,92,98,126,136,9,11.058823529411764
2017,RA Jadeja,139.8230088495575,9.263157894736842,0.26586926953956325,-0.5309500222562717,-0.2650807527167085,113,228,158,352,10,21.6734693877551
2017,MC Henriques,136.45320197044336,10.26206896551724,0.14075870268578328,-1.2671306425384443,-1.126371939852661,203,145,277,248,11,16.681818181818183
2017,MM Sharma,102.0,8.989090909090908,-1.1383827386727385,-0.32896727384798546,-1.467350012520724,50,275,51,412,7,39.285714285714285
2017,DR Smith,153.2051282051282,11.615384615384615,0.7627062095604444,-2.264501463324912,-1.5017952537644674,156,78,239,151,11,7.735849056603773
2017,CJ Anderson,115.44715447154472,9.929203539823009,-0.6391312447866666,-1.0218144349939382,-1.6609456797806048,123,113,142,187,11,10.045454545454545
2017,A Mishra,94.23076923076923,8.88412017167382,-1.426830385800758,-0.2516056098884333,-1.6784359956891914,52,233,49,345,6,48.8421052631579
2017,SR Watson,91.02564102564102,9.167701863354038,-1.5458269398964755,-0.4606005362523107,-2.006427476148786,78,161,71,246,7,18.07079646017699
2017,K Rabada,85.9375,9.138461538461538,-1.734733969523427,-0.4390509097176926,-2.1737848792411194,64,130,55,198,3,43.333333333333336
2017,JP Faulkner,94.73684210526315,10.177215189873419,-1.4080414562066974,-1.204594840289351,-2.6126362964960483,57,158,54,268,6,27.25581395348837
2018,K Gowtham,196.875,8.025,1.898305134893405,0.6503297875290994,2.5486349224225044,64,240,126,321,13,18.46153846153846
2018,SP Narine,189.8936170212766,7.754098360655738,1.624642306894784,0.91459558611054,2.539237893005324,188,366,357,473,16,24.876712328767123
2018,KH Pandya,145.22292993630572,7.170124481327801,-0.12640137507638044,1.4842647986884066,1.3578634236120262,157,241,228,288,13,21.983739837398375
2018,AD Russell,184.7953216374269,9.473684210526315,1.4247945207228014,-0.7628683411856165,0.6619261795371849,171,228,316,360,14,15.268518518518519
2018,R Ashwin,143.66197183098592,8.111842105263158,-0.18758928165464106,0.5656149133282179,0.37802563167357683,71,304,102,411,8,35.972972972972975
2018,C de Grandhomme,155.95238095238096,8.8,0.29418175535499896,-0.10568628677877408,0.1884954685762249,84,90,131,132,8,11.058823529411764
2018,GJ Maxwell,140.83333333333334,8.25,-0.2984689186853724,0.43084124982681404,0.13237233114144165,120,96,169,132,12,7.175438596491228
2018,RA Jadeja,120.27027027027026,7.560975609756097,-1.1045192395604557,1.1029877202972287,-0.0015315192632270325,74,246,89,310,8,21.6734693877551
2018,SR Watson,154.59610027855152,9.0,0.24101698758746526,-0.30078720918080515,-0.05977022159333989,359,168,555,252,15,18.07079646017699
2018,Shakib Al Hasan,121.31979695431471,8.035087719298245,-1.0633789037142565,0.640489170828998,-0.42288973288525844,197,342,239,458,13,26.526315789473685
2018,BCJ Cutting,165.51724137931035,9.941176470588236,0.6691141665725021,-1.2189091969550725,-0.5497950303825704,58,102,96,169,6,17.0
2018,BA Stokes,121.73913043478262,8.260089686098656,-1.0469414748424861,0.4209987145038404,-0.6259427603386457,161,223,196,307,12,17.025
2018,HH Pandya,133.33333333333331,9.1284046692607,-0.5924609853353214,-0.42604655624825705,-1.0185075415835785,195,257,260,391,13,14.079365079365079
2018,DJ Bravo,154.94505494505495,10.05607476635514,0.2546956413971302,-1.3309930143877953,-1.076297372990665,91,321,141,538,10,25.75
2018,AR Patel,115.94202898550725,8.5,-1.2741817195960696,0.18696509682427429,-1.0872166227717954,69,156,80,221,8,25.8046875
2018,MP Stoinis,130.26315789473685,11.0,-0.7128086149581062,-2.251796433201123,-2.964605048159229,76,66,99,121,7,9.127906976744185
2019,MM Ali,165.41353383458645,6.76,0.5883400766820808,1.0541282507006817,1.6424683273827625,133,150,220,169,10,13.377777777777778
2019,AD Russell,204.81927710843374,9.546961325966851,1.9384025101267601,-0.7930064818325673,1.1453960282941928,249,181,510,288,13,15.268518518518519
2019,Mohammad Nabi,151.3157894736842,6.8914285714285715,0.10534360264799325,0.9670203755855789,1.072363978233572,76,175,115,201,7,25.0
2019,SP Narine,166.27906976744185,7.962406015037594,0.6179938136925461,0.257200825734594,0.8751946394271402,86,266,143,353,8,24.876712328767123
2019,HH Pandya,191.42857142857144,9.3046875,1.4796295700996516,-0.6324328870153388,0.8471966830843127,210,256,402,397,15,14.079365079365079
2019,RA Jadeja,120.45454545454545,6.425925925925926,-0.9519795877829905,1.275544967076188,0.3235653792931975,88,324,106,347,9,21.6734693877551
2019,AR Patel,125.0,7.215686274509804,-0.7962498155489696,0.752109727177133,-0.04414008837183658,88,306,110,368,12,25.8046875
2019,SM Curran,172.72727272727272,9.798994974874372,0.8389127929082503,-0.9600486658509144,-0.12113587294266415,55,199,95,325,8,21.632653061224488
2019,KH Pandya,122.0,7.326086956521739,-0.8990314652234234,0.6789386600584105,-0.22009280516501284,150,276,183,337,14,21.983739837398375
2019,MP Stoinis,135.25641025641028,8.819999999999999,-0.44485956025169077,-0.31119300925559973,-0.7560525695072905,156,100,211,147,10,9.127906976744185
2019,DJ Bravo,121.21212121212122,8.096385542168674,-0.9260246257439868,0.168402235059374,-0.7576223906846128,66,249,80,336,8,25.75
2019,R Parag,126.98412698412697,8.642857142857142,-0.7282725340182464,-0.19378674279611424,-0.9220592768143607,126,84,160,121,5,10.736842105263158
2019,BA Stokes,124.24242424242425,11.764705882352942,-0.8222047775879728,-2.262877254641423,-3.085082032229396,99,102,123,200,9,17.025
2020,JC Archer,179.36507936507937,6.660714285714286,1.7890163321559518,1.1235966652300815,2.9126129973860335,63,336,113,373,10,35.94117647058823
2020,KA Pollard,191.42857142857144,9.047619047619047,2.2989048380483372,-0.5157777032411899,1.7831271348071474,140,126,268,190,12,12.075
2020,AR Patel,137.64705882352942,6.450980392156863,0.02571769103584694,1.267646136656558,1.2933638276924049,85,306,117,329,9,25.8046875
2020,RA Jadeja,171.85185185185185,8.75229357798165,1.4714541925212206,-0.31294220975717807,1.1585119827640424,135,218,232,318,11,21.6734693877551
2020,R Tewatia,139.34426229508196,7.057553956834532,0.09745351493747,0.8510391691748371,0.9484926841123071,183,278,255,327,11,22.727272727272727
2020,Washington Sundar,116.8421052631579,5.980066445182724,-0.8536468105716163,1.5910793405054533,0.737432529933837,95,301,111,300,9,16.571428571428573
2020,SP Narine,142.35294117647058,8.105263157894736,0.22462156639943912,0.1314513426128049,0.356072909012244,85,228,121,308,9,24.876712328767123
2020,V Shankar,101.04166666666667,6.074074074074074,-1.5214851102950175,1.5265130035049543,0.005027893209936796,96,81,97,82,5,14.8
2020,SM Curran,131.91489361702128,8.220472440944881,-0.21656415714640212,0.052323281595556916,-0.1642408755508452,141,254,186,348,11,21.632653061224488
2020,PJ Cummins,128.0701754385965,8.153846153846153,-0.37906914303743006,0.09808356037974297,-0.2809855826576871,114,312,146,424,10,33.714285714285715
2020,KH Pandya,118.4782608695652,7.714285714285714,-0.7844913012740065,0.3999825424883979,-0.3845087587856086,92,301,109,387,11,21.983739837398375
2020,MP Stoinis,148.52320675105486,9.674157303370785,0.48542063504600713,-0.9460968235258391,-0.460676188479832,237,178,352,287,17,9.127906976744185
2020,S Dube,122.85714285714286,8.333333333333334,-0.599408774392588,-0.025191857314625418,-0.6246006317072134,105,54,129,75,9,6.0
2020,AD Russell,144.44444444444443,9.709090909090909,0.31302328878325786,-0.9700899290446998,-0.657066640261442,81,110,117,178,9,15.268518518518519
2020,JO Holder,124.52830188679245,8.535714285714286,-0.528773772831528,-0.16419118032715227,-0.6929649531586803,53,168,66,239,4,32.77777777777778
2020,Abhishek Sharma,126.78571428571428,9.2,-0.43335955701316053,-0.6204360170388566,-1.053795574052017,56,60,71,92,7,6.7894736842105265
2020,BA Stokes,142.5,10.369565217391305,0.23083731250455175,-1.4237170151951373,-1.1928797026905855,200,92,285,159,8,17.025
2020,GJ Maxwell,101.88679245283019,8.142857142857142,-1.4857641165620217,0.10563103493245933,-1.3801330816295623,106,126,108,171,11,7.175438596491228
2020,TK Curran,133.8709677419355,11.454545454545455,-0.13388662830832657,-2.168903341636161,-2.3027899699444876,62,110,83,210,4,27.5
2021,KA Pollard,148.4848484848485,7.125,1.1427962412504877,0.6493268466389207,1.7921230878894083,165,80,245,95,13,12.075
2021,MM Ali,137.30769230769232,6.392156862745098,0.552969951054405,1.1863024970189682,1.7392724480733732,260,153,357,163,15,13.377777777777778
2021,RA Jadeja,145.5128205128205,7.033783783783783,0.9859602621055423,0.7161636423158012,1.7021239044213434,156,296,227,347,11,21.6734693877551
2021,PJ Cummins,166.07142857142858,8.832298136645964,2.0708522803084533,-0.6016605484974972,1.4691917318109562,56,161,93,237,5,33.714285714285715
2021,Abhishek Sharma,130.66666666666666,6.6,0.2025184180473883,1.0340097373125203,1.2365281553599086,75,60,98,66,7,6.7894736842105265
2021,GJ Maxwell,144.1011235955056,8.4375,0.9114640358362107,-0.31238038004507807,0.5990836557911327,356,96,513,135,14,7.175438596491228
2021,Harpreet Brar,110.34482758620689,6.173913043478261,-0.8698791368232339,1.3462161413374705,0.47633700451423655,58,138,64,142,5,30.5
2021,Rashid Khan,120.28985507246377,6.964285714285714,-0.34507313293956793,0.7670869152124714,0.4220137822729035,69,336,83,390,10,37.03703703703704
2021,Shahbaz Ahmed,111.32075471698113,6.571428571428571,-0.8183787846833274,1.054944860614485,0.23656607593115753,53,84,59,92,7,15.366666666666667
2021,AD Russell,152.5,9.947368421052632,1.3546785738600287,-1.4187052348018587,-0.06402666094183007,120,114,183,189,8,15.268518518518519
2021,DJ Hooda,130.0813008130081,8.5,0.171628255612642,-0.35817596226812565,-0.18654770665548365,123,96,160,136,11,7.571428571428571
2021,JO Holder,118.05555555555556,7.790575916230367,-0.4629786694067313,0.1616398610803931,-0.3013388083263382,72,191,85,248,7,32.77777777777778
2021,KH Pandya,116.26016260162602,7.970149253731344,-0.5577228018744124,0.030061212398904167,-0.5276615894755082,123,201,143,267,12,21.983739837398375
2021,Lalit Yadav,93.15068493150685,7.214285714285714,-1.7772259801867742,0.5839045863202812,-1.193321393866493,73,84,68,101,5,14.263157894736842
2021,V Shankar,111.53846153846155,8.955223880597016,-0.8068902445905782,-0.6917318447285324,-1.4986220893191107,52,67,58,100,5,14.8
2021,KA Jamieson,118.18181818181819,9.508771929824562,-0.4563157029724688,-1.0973327279734548,-1.5536484309459238,55,171,65,271,7,24.428571428571427
2021,R Tewatia,105.44217687074831,9.243243243243244,-1.128595418298854,-0.9027720751908538,-2.0313674934897077,147,222,155,342,11,22.727272727272727
2021,MP Stoinis,123.61111111111111,10.941176470588236,-0.1698081462991893,-2.146897526744807,-2.3167056730439963,72,68,89,124,7,9.127906976744185
2022,GJ Maxwell,169.1011235955056,6.916666666666667,1.392000959116694,1.260273154562297,2.652274113678991,178,144,301,166,13,7.175438596491228
2022,MM Ali,137.85310734463278,6.671328671328672,0.11889614149337022,1.494066406663288,1.6129625481566583,177,143,244,159,10,13.377777777777778
2022,LS Livingstone,182.08333333333334,8.782608695652174,1.920921375309938,-0.5178642048281276,1.4030571704818104,240,138,437,202,14,9.10344827586207
2022,AR Patel,151.66666666666666,7.511627906976744,0.6816873529487752,0.6933086978155919,1.3749960507643673,120,258,182,323,10,25.8046875
2022,R Ashwin,141.48148148148147,7.5334987593052105,0.2667231445477772,0.6724670108806013,0.9391901554283786,135,403,191,506,12,35.972972972972975
2022,KH Pandya,126.20689655172414,7.078947368421052,-0.3555930852297686,1.1056288119111732,0.7500357266814046,145,228,183,269,13,21.983739837398375
2022,HH Pandya,131.26684636118597,7.369565217391304,-0.14944091135607088,0.8286864168461753,0.6792455054901044,371,184,487,226,15,14.079365079365079
2022,Washington Sundar,146.3768115942029,8.485207100591715,0.46616839253813913,-0.23445728290632573,0.2317111096318134,69,169,101,239,7,16.571428571428573
2022,AD Russell,174.47916666666669,9.952941176470588,1.6111128697196477,-1.6331249550148441,-0.022012085295196382,192,170,335,282,12,15.268518518518519
2022,RA Jadeja,118.36734693877551,7.636363636363637,-0.6749915488030581,0.5744425931734041,-0.10054895562965405,98,198,116,252,10,21.6734693877551
2022,MR Marsh,132.8042328042328,8.5,-0.08680480442761751,-0.24855408049326713,-0.3353588849208846,189,72,251,102,8,12.44
2022,RD Chahar,113.23529411764706,7.821428571428572,-0.88408133928515,0.39808616310197414,-0.48599517618317584,68,280,77,365,8,35.0
2022,Lalit Yadav,110.27397260273972,8.36697247706422,-1.0047313241319424,-0.12178636494538252,-1.126517689077325,146,109,161,152,8,14.263157894736842
2022,SN Thakur,137.93103448275863,10.0,0.12207104431520477,-1.677969355809065,-1.55589831149386,87,291,120,485,10,22.05263157894737
2022,Kuldeep Yadav,92.3076923076923,8.456375838926174,-1.736712446221795,-0.20698271901875825,-1.9436951652405534,52,298,48,420,7,42.57142857142857
2022,Shahbaz Ahmed,120.99447513812154,9.696682464454977,-0.5679572481213917,-1.3889248767562659,-1.9568821248776576,181,211,219,341,11,15.366666666666667
2022,KA Pollard,107.46268656716418,9.285714285714286,-1.1192685724127327,-0.9972954151824953,-2.116563987595228,134,84,144,130,11,12.075
2023,Rashid Khan,216.66666666666666,8.313432835820896,2.7732052495646635,0.5807777864016909,3.3539830359663543,60,402,130,557,9,37.03703703703704
2023,GJ Maxwell,183.4862385321101,9.193548387096774,1.515057888313612,-0.14515694171523943,1.3699009465983727,218,62,400,95,14,7.175438596491228
2023,AR Patel,139.40886699507388,7.319148936170213,-0.15628367681973493,1.4008805687211359,1.244596891901401,203,282,283,344,13,25.8046875
2023,RA Jadeja,142.85714285714286,7.578947368421052,-0.025530717299920572,1.1865942696007366,1.161063552300816,133,342,190,432,12,21.6734693877551
2023,MM Ali,136.26373626373626,7.615384615384615,-0.2755418706674767,1.1565401898500969,0.8809983191826202,91,156,124,198,10,13.377777777777778
2023,R Ashwin,131.37254901960785,7.551020408163265,-0.46100766091072887,1.2096289157588227,0.7486212548480938,51,294,67,370,9,35.972972972972975
2023,C Green,160.2836879432624,9.694323144104803,0.6352552625226029,-0.558204735893455,0.07705052662914791,282,229,452,370,16,13.642857142857142
2023,KH Pandya,113.93939393939394,7.619047619047619,-1.1220442808574236,1.1535188802455354,0.03147459938811181,165,252,188,320,14,21.983739837398375
2023,MR Marsh,131.95876288659792,8.459016393442623,-0.43877939348478173,0.46069791715359454,0.021918523668812806,97,122,128,172,9,12.44
2023,MP Stoinis,150.0,9.323076923076922,0.24531469884826487,-0.2519943477965445,-0.006679648948279632,272,65,408,101,15,9.127906976744185
2023,SN Thakur,161.42857142857144,10.40625,0.6786673646853625,-1.1454144810504543,-0.4667471163650918,70,128,113,222,9,22.05263157894737
2023,HH Pandya,136.75889328063244,9.57615894039735,-0.2567663295054854,-0.460740830197014,-0.7175071597024993,253,151,346,241,15,14.079365079365079
2023,Washington Sundar,100.0,8.264150943396226,-1.6506032141890343,0.6214263547931116,-1.0291768593959227,60,106,60,146,5,16.571428571428573
2023,Sikandar Raza,141.83673469387753,10.191780821917808,-0.06422291960680514,-0.968516545029602,-1.0327394646364072,98,73,139,124,7,10.428571428571429
2023,Abhishek Sharma,143.94904458598725,10.583333333333334,0.015872403639928964,-1.2914759172459822,-1.2756035136060533,157,72,226,127,11,6.7894736842105265
2023,Lalit Yadav,111.86440677966101,9.23076923076923,-1.2007243873666247,-0.17585734576159115,-1.3765817331282157,59,78,66,120,6,14.263157894736842
2023,SM Curran,135.96059113300493,10.354166666666666,-0.28703663633954823,-1.102455235110593,-1.3894918714501412,203,288,276,497,13,21.632653061224488
2023,AD Russell,145.5128205128205,11.042553191489363,0.07516821947312202,-1.6702485027242464,-1.5950802832511244,156,94,227,173,14,15.268518518518519
2024,SP Narine,180.74074074074073,6.836363636363636,1.9000077709286243,1.577593633894487,3.477601404823111,270,330,488,376,14,24.876712328767123
2024,AD Russell,185.0,10.363636363636363,2.126273727291955,-0.8045416713053158,1.3217320559866392,120,176,222,304,9,15.268518518518519
2024,LS Livingstone,142.30769230769232,7.166666666666667,-0.14168303264416773,1.3545242625312748,1.212841229887107,78,72,111,86,7,9.10344827586207
2024,RA Jadeja,142.7807486631016,7.8657243816254425,-0.1165527125215443,0.88241728585778,0.7658645733362357,187,283,267,371,11,21.6734693877551
2024,Harpreet Brar,138.88888888888889,8.131578947368421,-0.3233011915980123,0.7028730328125732,0.3795718412145609,54,228,75,309,7,30.5
2024,Rashid Khan,143.66197183098592,8.51908396946565,-0.06973921967829702,0.4411724313981297,0.3714332117198327,71,262,102,372,8,37.03703703703704
2024,WG Jacks,175.57251908396947,11.11111111111111,1.6254547219859312,-1.3093469765309327,0.31610774545499853,131,54,230,100,8,7.384615384615385
2024,AR Patel,131.2849162011173,7.7272727272727275,-0.7272494012823646,0.9759202836120622,0.24867088232969758,179,264,235,340,12,25.8046875
2024,C Green,143.25842696629215,8.672985781990523,-0.09117685922722801,0.33723520581443994,0.24605834658721193,178,211,255,305,12,13.642857142857142
2024,MP Stoinis,147.52851711026616,9.071428571428571,0.1356644695985599,0.06814780906059124,0.20381227865915114,263,84,388,127,14,9.127906976744185
2024,KH Pandya,126.66666666666666,7.818181818181818,-0.9725861098580039,0.914525043787325,-0.058061066070678846,105,198,133,258,11,21.983739837398375
2024,PJ Cummins,143.1578947368421,9.360655737704919,-0.09651746416748863,-0.12718107455042932,-0.22369853871791795,95,366,136,571,10,33.714285714285715
2024,Arshad Khan,153.7037037037037,11.311475409836067,0.46371083053531015,-1.4446625324288065,-0.9809517018934963,54,61,83,115,4,15.25
2024,R Ashwin,116.21621621621621,8.527272727272727,-1.5277486443898882,0.43564217315437503,-1.092106471235513,74,330,86,469,8,35.972972972972975
2024,HH Pandya,143.04635761589404,10.805555555555555,-0.1024426853867569,-1.1029907537866772,-1.205433439173434,151,216,216,389,13,14.079365079365079
2024,Shahbaz Ahmed,129.5180722891566,10.012048192771084,-0.8211100007787294,-0.5670974305373567,-1.3882074313160861,166,166,215,277,12,15.366666666666667
2024,Nithish Kumar Reddy,142.9245283018868,11.549999999999999,-0.10891466198386393,-1.6057495510181357,-1.7146642130019996,212,80,303,154,11,11.125
2024,SM Curran,123.28767123287672,10.25101214574899,-1.152089536824028,-0.7284811717653591,-1.8805707085893872,219,247,270,422,12,21.632653061224488
2025,SP Narine,170.83333333333331,7.875,0.7627510598380457,1.3516118164569615,2.114362876295007,144,272,246,357,12,24.876712328767123
2025,V Nigam,179.74683544303798,9.100840336134455,1.121828044187011,0.3752796652121271,1.497107709399138,79,238,142,361,8,29.75
2025,R Parag,166.52542372881356,8.55,0.5892085879116943,0.8140016704501658,1.40321025836186,236,120,393,171,14,10.736842105263158
2025,Abhishek Sharma,193.3920704845815,10.272727272727273,1.6715210592495964,-0.5580807897287925,1.1134402695208039,227,66,439,113,13,6.7894736842105265
2025,AR Patel,157.48502994011977,8.722222222222221,0.22501982136201756,0.6768336496583098,0.9018534710203274,167,216,263,314,11,25.8046875
2025,PJ Cummins,167.24137931034483,9.23076923076923,0.6180505815501042,0.2717965659304934,0.8898471474805976,58,299,97,460,9,33.714285714285715
2025,HH Pandya,163.5036496350365,9.71830985915493,0.4674775875009878,-0.11650978727051518,0.3509678002304726,137,213,224,345,12,14.079365079365079
2025,RA Jadeja,135.5855855855856,8.51528384279476,-0.6571908227777923,0.8416516828115053,0.18446086003371298,222,229,301,325,14,21.6734693877551
2025,WG Jacks,135.46511627906978,8.541176470588235,-0.6620438821878767,0.8210292540580985,0.15898537187022177,172,85,233,121,11,7.384615384615385
2025,LS Livingstone,133.33333333333331,8.444444444444445,-0.7479219334880705,0.898072392870982,0.1501504593829115,84,54,112,76,8,9.10344827586207
2025,KH Pandya,126.74418604651163,8.26086956521739,-1.0133631829613923,1.0442823449071839,0.030919161945791585,86,276,109,380,7,21.983739837398375
2025,Washington Sundar,166.25,10.338461538461537,0.5781132495426322,-0.6104354685421957,-0.032322218999563446,80,65,133,112,5,16.571428571428573
2025,MP Stoinis,186.04651162790697,12.348837209302324,1.3756080622985116,-2.211618221029935,-0.8360101587314233,86,86,160,177,11,9.127906976744185
2025,JC Archer,126.0,9.709090909090909,-1.0433424299607323,-0.10916726713725938,-1.1525096970979918,50,275,63,445,7,35.94117647058823
2025,AD Russell,163.72549019607843,11.678571428571427,0.47641434868473004,-1.6777786888194222,-1.201364340134692,102,112,167,218,10,15.268518518518519
2025,M Jansen,119.04761904761905,9.43157894736842,-1.3234164071361139,0.1118597643594211,-1.2115566427766928,63,285,75,448,8,35.625
2025,SM Curran,135.71428571428572,11.25,-0.652006187880062,-1.3364389135770138,-1.9884451014570759,84,72,114,135,5,21.632653061224488
2025,Harshit Rana,107.54716981132076,10.308270676691729,-1.7867075557332814,-0.5863896706101397,-2.373097226343421,53,266,57,457,7,38.0
2026,Shashank Singh,188.57142857142856,8.9,1.804099643060918,0.5127007498073719,2.3168003928682896,70,60,132,89,9,6.666666666666667
2026,WG Jacks,182.89473684210526,10.641509433962263,1.5397250960110611,-0.7321147368583439,0.8076103591527172,76,53,139,94,7,7.384615384615385
2026,J Overton,158.13953488372093,9.071428571428571,0.3868273138276773,0.39016512846092505,0.7769924422886023,86,168,136,254,6,28.0
2026,KH Pandya,145.80645161290323,8.455445544554456,-0.1875483012172631,0.830464328926088,0.6429160277088249,155,303,226,427,9,21.983739837398375
2026,Nithish Kumar Reddy,171.5909090909091,10.459893048128341,1.013283907349169,-0.6022969561966859,0.4109869511524832,176,187,302,326,13,11.125
2026,Washington Sundar,150.199203187251,9.163636363636364,0.017030661873475777,0.32425581697912337,0.34128647885259916,251,55,377,84,16,16.571428571428573
2026,JO Holder,125.0,7.584415584415584,-1.156545118934504,1.453068813625184,0.29652369469067996,52,231,65,292,7,32.77777777777778
2026,AR Patel,131.06060606060606,8.295454545454545,-0.8742909366537008,0.9448244750859424,0.07053353843224153,132,264,173,365,11,25.8046875
2026,RA Jadeja,135.0253807106599,8.575757575757576,-0.6896436892352312,0.7444663568490109,0.05482266761377963,197,198,266,283,11,21.6734693877551
2026,C Green,145.70135746606334,10.87218045112782,-0.1924427395262637,-0.8969963326125021,-1.089439072138766,221,133,322,241,14,13.642857142857142
2026,HH Pandya,138.25503355704697,11.347826086956522,-0.539232490405936,-1.2369836115199786,-1.7762161019259146,149,138,206,261,10,14.079365079365079
2026,R Shepherd,125.75757575757575,12.039735099337747,-1.121263346149404,-1.7315540325461298,-2.8528173786955335,66,151,83,303,7,21.571428571428573
