season,bowler,wicket_category,count
2008,A Kumble,bowled_lbw,1
2008,A Kumble,caught,6
2008,A Mishra,bowled_lbw,3
2008,A Mishra,caught,8
2008,A Nehra,bowled_lbw,3
2008,A Nehra,caught,9
2008,A Nel,caught,1
2008,AA Noffke,caught,1
2008,AB Agarkar,caught,8
2008,AB Dinda,bowled_lbw,3
2008,AB Dinda,caught,6
2008,AD Mascarenhas,caught,2
2008,AM Nayar,caught,1
2008,B Akhil,caught,2
2008,B Geeves,caught,1
2008,B Lee,caught,4
2008,BAW Mendis,caught,1
2008,CRD Fernando,bowled_lbw,1
2008,CRD Fernando,caught,9
2008,D Kalyankrishna,caught,2
2008,D Salunkhe,caught,1
2008,DB Ravi Teja,caught,1
2008,DJ Bravo,bowled_lbw,4
2008,DJ Bravo,caught,7
2008,DJ Hussey,caught,2
2008,DJ Thornely,caught,3
2008,DL Vettori,bowled_lbw,2
2008,DNT Zoysa,caught,2
2008,DP Vijaykumar,caught,4
2008,DR Smith,bowled_lbw,3
2008,DR Smith,caught,2
2008,DS Kulkarni,bowled_lbw,2
2008,DS Kulkarni,caught,9
2008,DW Steyn,bowled_lbw,4
2008,DW Steyn,caught,6
2008,GD McGrath,bowled_lbw,2
2008,GD McGrath,caught,10
2008,Gagandeep Singh,bowled_lbw,1
2008,Gagandeep Singh,caught,2
2008,Harbhajan Singh,bowled_lbw,1
2008,Harbhajan Singh,caught,4
2008,I Sharma,bowled_lbw,3
2008,I Sharma,caught,4
2008,IK Pathan,bowled_lbw,11
2008,IK Pathan,caught,4
2008,JA Morkel,bowled_lbw,6
2008,JA Morkel,caught,11
2008,JDP Oram,caught,3
2008,JH Kallis,bowled_lbw,1
2008,JH Kallis,caught,3
2008,JR Hopes,bowled_lbw,1
2008,JR Hopes,caught,6
2008,Joginder Sharma,bowled_lbw,2
2008,Joginder Sharma,caught,6
2008,L Balaji,bowled_lbw,2
2008,L Balaji,caught,9
2008,LR Shukla,bowled_lbw,3
2008,LR Shukla,caught,3
2008,M Kartik,caught,3
2008,M Muralitharan,bowled_lbw,3
2008,M Muralitharan,caught,8
2008,M Ntini,bowled_lbw,4
2008,M Ntini,caught,3
2008,MA Khote,caught,2
2008,MF Maharoof,bowled_lbw,5
2008,MF Maharoof,caught,10
2008,MM Patel,bowled_lbw,3
2008,MM Patel,caught,11
2008,MS Gony,bowled_lbw,6
2008,MS Gony,caught,11
2008,Mohammad Asif,bowled_lbw,2
2008,Mohammad Asif,caught,6
2008,Mohammad Hafeez,bowled_lbw,1
2008,Mohammad Hafeez,caught,1
2008,P Amarnath,bowled_lbw,1
2008,P Amarnath,caught,6
2008,P Kumar,bowled_lbw,1
2008,P Kumar,caught,10
2008,PJ Sangwan,caught,5
2008,PM Sarvesh Kumar,caught,1
2008,PP Chawla,bowled_lbw,7
2008,PP Chawla,caught,10
2008,PP Ojha,bowled_lbw,2
2008,PP Ojha,caught,8
2008,R Bhatia,bowled_lbw,3
2008,R Bhatia,caught,3
2008,R Vinay Kumar,caught,5
2008,RG Sharma,caught,1
2008,RP Singh,bowled_lbw,6
2008,RP Singh,caught,9
2008,RR Powar,bowled_lbw,2
2008,RR Powar,caught,1
2008,RR Raje,bowled_lbw,1
2008,RR Raje,caught,4
2008,S Sreesanth,bowled_lbw,6
2008,S Sreesanth,caught,11
2008,S Sreesanth,other,2
2008,S Vidyut,caught,1
2008,SB Bangar,bowled_lbw,1
2008,SB Bangar,caught,3
2008,SB Joshi,caught,1
2008,SB Styris,caught,3
2008,SC Ganguly,bowled_lbw,3
2008,SC Ganguly,caught,3
2008,SD Chitnis,caught,2
2008,SK Raina,caught,1
2008,SK Trivedi,bowled_lbw,5
2008,SK Trivedi,caught,8
2008,SK Warne,bowled_lbw,4
2008,SK Warne,caught,15
2008,SM Pollock,bowled_lbw,1
2008,SM Pollock,caught,10
2008,SR Watson,bowled_lbw,1
2008,SR Watson,caught,16
2008,ST Jayasuriya,caught,4
2008,Shahid Afridi,bowled_lbw,3
2008,Shahid Afridi,caught,6
2008,Shoaib Akhtar,bowled_lbw,1
2008,Shoaib Akhtar,caught,4
2008,Shoaib Malik,caught,2
2008,Sohail Tanvir,bowled_lbw,11
2008,Sohail Tanvir,caught,11
2008,TM Dilshan,bowled_lbw,1
2008,Umar Gul,bowled_lbw,7
2008,Umar Gul,caught,5
2008,V Kohli,bowled_lbw,1
2008,V Kohli,caught,1
2008,V Sehwag,bowled_lbw,2
2008,V Sehwag,caught,1
2008,VRV Singh,bowled_lbw,4
2008,VRV Singh,caught,7
2008,VY Mahesh,bowled_lbw,4
2008,VY Mahesh,caught,12
2008,WA Mota,caught,1
2008,WPUJC Vaas,bowled_lbw,1
2008,WPUJC Vaas,caught,4
2008,Y Venugopal Rao,caught,2
2008,YK Pathan,bowled_lbw,1
2008,YK Pathan,caught,7
2008,Yuvraj Singh,bowled_lbw,1
2008,Yuvraj Singh,caught,2
2008,Z Khan,bowled_lbw,4
2008,Z Khan,caught,9
2009,A Flintoff,caught,2
2009,A Kumble,bowled_lbw,5
2009,A Kumble,caught,16
2009,A Mishra,bowled_lbw,2
2009,A Mishra,caught,12
2009,A Nehra,bowled_lbw,7
2009,A Nehra,caught,12
2009,A Singh,bowled_lbw,3
2009,A Singh,caught,6
2009,A Symonds,bowled_lbw,1
2009,A Symonds,caught,6
2009,AB Agarkar,bowled_lbw,2
2009,AB Agarkar,caught,4
2009,AB Dinda,caught,4
2009,AD Mascarenhas,bowled_lbw,1
2009,AD Mascarenhas,caught,5
2009,AM Nayar,bowled_lbw,1
2009,AM Nayar,caught,3
2009,AM Rahane,bowled_lbw,1
2009,AM Salvi,bowled_lbw,1
2009,AM Salvi,caught,3
2009,Anureet Singh,bowled_lbw,1
2009,Anureet Singh,caught,1
2009,B Akhil,bowled_lbw,1
2009,B Akhil,caught,3
2009,B Lee,bowled_lbw,1
2009,B Lee,caught,4
2009,BAW Mendis,caught,3
2009,BJ Hodge,bowled_lbw,1
2009,BJ Hodge,caught,6
2009,C Nanda,caught,2
2009,CH Gayle,caught,1
2009,CK Langeveldt,caught,3
2009,D du Preez,caught,4
2009,DJ Bravo,caught,11
2009,DL Vettori,bowled_lbw,3
2009,DL Vettori,caught,4
2009,DP Nannes,bowled_lbw,2
2009,DP Nannes,caught,13
2009,DR Smith,caught,1
2009,DS Kulkarni,caught,5
2009,DW Steyn,bowled_lbw,1
2009,DW Steyn,caught,1
2009,FH Edwards,bowled_lbw,2
2009,FH Edwards,caught,3
2009,GR Napier,caught,1
2009,Harbhajan Singh,bowled_lbw,3
2009,Harbhajan Singh,caught,8
2009,Harmeet Singh,bowled_lbw,1
2009,Harmeet Singh,caught,2
2009,I Sharma,caught,11
2009,IK Pathan,bowled_lbw,4
2009,IK Pathan,caught,13
2009,J Botha,bowled_lbw,1
2009,J Botha,caught,2
2009,JA Morkel,bowled_lbw,8
2009,JA Morkel,caught,4
2009,JA Morkel,other,1
2009,JD Ryder,bowled_lbw,1
2009,JD Ryder,caught,2
2009,JDP Oram,caught,5
2009,JH Kallis,bowled_lbw,2
2009,JH Kallis,caught,4
2009,JP Duminy,caught,4
2009,Joginder Sharma,caught,2
2009,KP Appanna,bowled_lbw,1
2009,KP Appanna,caught,1
2009,KP Pietersen,bowled_lbw,1
2009,KP Pietersen,caught,3
2009,Kamran Khan,bowled_lbw,2
2009,Kamran Khan,caught,4
2009,L Balaji,caught,13
2009,LA Carseldine,caught,1
2009,LR Shukla,bowled_lbw,1
2009,LR Shukla,caught,2
2009,M Kartik,caught,4
2009,M Muralitharan,bowled_lbw,7
2009,M Muralitharan,caught,7
2009,MC Henriques,caught,2
2009,MF Maharoof,caught,4
2009,MM Patel,bowled_lbw,3
2009,MM Patel,caught,13
2009,MS Gony,bowled_lbw,1
2009,MS Gony,caught,4
2009,P Kumar,bowled_lbw,2
2009,P Kumar,caught,11
2009,PJ Sangwan,bowled_lbw,1
2009,PJ Sangwan,caught,14
2009,PP Chawla,bowled_lbw,2
2009,PP Chawla,caught,10
2009,PP Ojha,bowled_lbw,2
2009,PP Ojha,caught,16
2009,Pankaj Singh,caught,2
2009,R Ashwin,bowled_lbw,1
2009,R Ashwin,caught,1
2009,R Bhatia,bowled_lbw,6
2009,R Bhatia,caught,4
2009,R Vinay Kumar,bowled_lbw,1
2009,R Vinay Kumar,caught,8
2009,RA Jadeja,bowled_lbw,3
2009,RA Jadeja,caught,3
2009,RE van der Merwe,bowled_lbw,4
2009,RE van der Merwe,caught,5
2009,RG Sharma,bowled_lbw,4
2009,RG Sharma,caught,7
2009,RJ Harris,bowled_lbw,1
2009,RJ Harris,caught,5
2009,RP Singh,bowled_lbw,5
2009,RP Singh,caught,18
2009,RR Powar,bowled_lbw,2
2009,RR Powar,caught,3
2009,RR Raje,bowled_lbw,1
2009,S Sreesanth,bowled_lbw,1
2009,S Sreesanth,caught,5
2009,S Tyagi,bowled_lbw,2
2009,S Tyagi,caught,3
2009,SB Jakati,bowled_lbw,6
2009,SB Jakati,caught,7
2009,SB Styris,caught,5
2009,SC Ganguly,caught,2
2009,SK Raina,bowled_lbw,2
2009,SK Raina,caught,5
2009,SK Trivedi,bowled_lbw,3
2009,SK Trivedi,caught,3
2009,SK Warne,bowled_lbw,5
2009,SK Warne,caught,8
2009,SL Malinga,bowled_lbw,11
2009,SL Malinga,caught,7
2009,SM Harwood,caught,3
2009,SS Sarkar,bowled_lbw,1
2009,ST Jayasuriya,bowled_lbw,2
2009,ST Jayasuriya,caught,5
2009,Shoaib Ahmed,bowled_lbw,2
2009,Shoaib Ahmed,caught,3
2009,T Henderson,caught,1
2009,T Thushara,caught,3
2009,TL Suman,caught,5
2009,VRV Singh,caught,1
2009,VS Malik,caught,2
2009,VY Mahesh,caught,1
2009,WA Mota,caught,3
2009,WPUJC Vaas,bowled_lbw,1
2009,WPUJC Vaas,caught,3
2009,Y Nagar,caught,2
2009,Y Venugopal Rao,bowled_lbw,2
2009,Y Venugopal Rao,caught,2
2009,YA Abdulla,bowled_lbw,5
2009,YA Abdulla,caught,9
2009,YK Pathan,bowled_lbw,3
2009,YK Pathan,caught,4
2009,Yuvraj Singh,bowled_lbw,3
2009,Yuvraj Singh,caught,3
2009,Z Khan,bowled_lbw,3
2009,Z Khan,caught,3
2010,A Kumble,bowled_lbw,6
2010,A Kumble,caught,11
2010,A Mishra,bowled_lbw,5
2010,A Mishra,caught,12
2010,A Mithun,bowled_lbw,1
2010,A Nehra,caught,6
2010,A Symonds,bowled_lbw,3
2010,A Symonds,caught,9
2010,A Uniyal,bowled_lbw,1
2010,A Uniyal,caught,1
2010,AB Agarkar,bowled_lbw,1
2010,AB Agarkar,caught,3
2010,AB Dinda,bowled_lbw,3
2010,AB Dinda,caught,6
2010,AB McDonald,bowled_lbw,4
2010,AB McDonald,caught,1
2010,AD Mascarenhas,bowled_lbw,1
2010,AD Mascarenhas,caught,3
2010,AD Mathews,bowled_lbw,3
2010,AD Mathews,caught,5
2010,AG Murtaza,bowled_lbw,2
2010,AG Murtaza,caught,1
2010,AP Dole,bowled_lbw,2
2010,AP Dole,caught,3
2010,BAW Mendis,caught,2
2010,BJ Hodge,bowled_lbw,1
2010,BJ Hodge,caught,1
2010,Bipul Sharma,caught,3
2010,CH Gayle,bowled_lbw,1
2010,CH Gayle,caught,3
2010,CK Langeveldt,bowled_lbw,2
2010,CK Langeveldt,caught,3
2010,CRD Fernando,bowled_lbw,2
2010,CRD Fernando,caught,5
2010,DE Bollinger,bowled_lbw,5
2010,DE Bollinger,caught,7
2010,DJ Bravo,bowled_lbw,1
2010,DJ Bravo,caught,3
2010,DL Vettori,bowled_lbw,2
2010,DP Nannes,bowled_lbw,3
2010,DP Nannes,caught,4
2010,DR Smith,bowled_lbw,1
2010,DS Kulkarni,caught,1
2010,DW Steyn,bowled_lbw,3
2010,DW Steyn,caught,12
2010,Harbhajan Singh,bowled_lbw,5
2010,Harbhajan Singh,caught,10
2010,Harmeet Singh,bowled_lbw,5
2010,Harmeet Singh,caught,3
2010,I Sharma,bowled_lbw,3
2010,I Sharma,caught,4
2010,IK Pathan,bowled_lbw,2
2010,IK Pathan,caught,13
2010,Iqbal Abdulla,bowled_lbw,1
2010,J Theron,bowled_lbw,4
2010,J Theron,caught,2
2010,JA Morkel,bowled_lbw,1
2010,JA Morkel,caught,10
2010,JD Unadkat,bowled_lbw,1
2010,JD Unadkat,caught,3
2010,JH Kallis,bowled_lbw,4
2010,JH Kallis,caught,9
2010,JM Kemp,bowled_lbw,1
2010,JM Kemp,caught,2
2010,JP Duminy,bowled_lbw,1
2010,Jaskaran Singh,bowled_lbw,1
2010,Jaskaran Singh,caught,5
2010,Joginder Sharma,bowled_lbw,2
2010,KA Pollard,bowled_lbw,1
2010,KA Pollard,caught,14
2010,KP Appanna,caught,1
2010,KP Pietersen,bowled_lbw,1
2010,KP Pietersen,caught,2
2010,Kamran Khan,bowled_lbw,2
2010,Kamran Khan,caught,1
2010,L Ablish,bowled_lbw,2
2010,L Ablish,caught,1
2010,L Balaji,bowled_lbw,3
2010,L Balaji,caught,4
2010,LR Shukla,bowled_lbw,2
2010,LR Shukla,caught,1
2010,M Kartik,bowled_lbw,4
2010,M Kartik,caught,5
2010,M Muralitharan,bowled_lbw,5
2010,M Muralitharan,caught,10
2010,MC Henriques,caught,1
2010,MF Maharoof,bowled_lbw,2
2010,MF Maharoof,caught,6
2010,MK Tiwary,caught,1
2010,MM Patel,caught,3
2010,MR Marsh,caught,2
2010,MS Gony,bowled_lbw,1
2010,ND Doshi,caught,1
2010,P Kumar,bowled_lbw,3
2010,P Kumar,caught,7
2010,PD Collingwood,bowled_lbw,1
2010,PD Collingwood,caught,4
2010,PJ Sangwan,bowled_lbw,3
2010,PJ Sangwan,caught,6
2010,PP Chawla,bowled_lbw,5
2010,PP Chawla,caught,7
2010,PP Ojha,bowled_lbw,5
2010,PP Ojha,caught,16
2010,Pankaj Singh,caught,2
2010,R Ashwin,bowled_lbw,4
2010,R Ashwin,caught,8
2010,R Bhatia,bowled_lbw,2
2010,R Bhatia,caught,1
2010,R McLaren,bowled_lbw,3
2010,R McLaren,caught,1
2010,R Sathish,caught,2
2010,R Sharma,bowled_lbw,2
2010,R Sharma,caught,3
2010,R Vinay Kumar,bowled_lbw,3
2010,R Vinay Kumar,caught,13
2010,RE van der Merwe,caught,2
2010,RG Sharma,caught,2
2010,RJ Harris,bowled_lbw,3
2010,RJ Harris,caught,11
2010,RP Singh,bowled_lbw,1
2010,RP Singh,caught,12
2010,RR Powar,bowled_lbw,1
2010,RR Powar,caught,1
2010,RS Bopara,caught,5
2010,S Ladda,caught,4
2010,S Narwal,bowled_lbw,1
2010,S Narwal,caught,4
2010,S Sreesanth,caught,3
2010,S Tyagi,caught,1
2010,SB Jakati,bowled_lbw,1
2010,SB Jakati,caught,12
2010,SB Wagh,caught,1
2010,SE Bond,bowled_lbw,2
2010,SE Bond,caught,7
2010,SJ Srivastava,caught,6
2010,SK Raina,bowled_lbw,2
2010,SK Raina,caught,4
2010,SK Trivedi,bowled_lbw,1
2010,SK Trivedi,caught,10
2010,SK Warne,bowled_lbw,2
2010,SK Warne,caught,9
2010,SL Malinga,bowled_lbw,8
2010,SL Malinga,caught,7
2010,SR Watson,caught,6
2010,ST Jayasuriya,caught,2
2010,SW Tait,bowled_lbw,2
2010,SW Tait,caught,8
2010,T Thushara,bowled_lbw,1
2010,T Thushara,caught,4
2010,TM Dilshan,caught,3
2010,UT Yadav,bowled_lbw,2
2010,UT Yadav,caught,4
2010,V Sehwag,caught,3
2010,VS Malik,bowled_lbw,1
2010,VY Mahesh,caught,1
2010,WPUJC Vaas,bowled_lbw,3
2010,WPUJC Vaas,caught,6
2010,Y Nagar,caught,1
2010,YA Abdulla,caught,1
2010,YK Pathan,bowled_lbw,3
2010,YK Pathan,caught,2
2010,Yuvraj Singh,bowled_lbw,1
2010,Yuvraj Singh,caught,4
2010,Z Khan,bowled_lbw,8
2010,Z Khan,caught,7
2011,A Mishra,bowled_lbw,5
2011,A Mishra,caught,14
2011,A Mithun,bowled_lbw,1
2011,A Mithun,caught,4
2011,A Singh,bowled_lbw,3
2011,A Singh,caught,6
2011,A Symonds,caught,1
2011,AB Agarkar,caught,8
2011,AB Dinda,bowled_lbw,1
2011,AB Dinda,caught,4
2011,AC Thomas,bowled_lbw,1
2011,AC Thomas,caught,10
2011,AG Murtaza,caught,3
2011,AL Menaria,caught,2
2011,AM Nayar,caught,2
2011,AM Salvi,caught,3
2011,AN Ahmed,bowled_lbw,3
2011,AN Ahmed,caught,2
2011,Anand Rajan,bowled_lbw,1
2011,Anand Rajan,caught,2
2011,B Kumar,bowled_lbw,2
2011,B Kumar,caught,1
2011,B Lee,bowled_lbw,2
2011,B Lee,caught,3
2011,BA Bhatt,bowled_lbw,2
2011,BA Bhatt,caught,7
2011,BJ Hodge,bowled_lbw,2
2011,BJ Hodge,caught,5
2011,Bipul Sharma,bowled_lbw,2
2011,Bipul Sharma,caught,1
2011,CH Gayle,bowled_lbw,4
2011,CH Gayle,caught,4
2011,CK Langeveldt,caught,5
2011,DE Bollinger,bowled_lbw,3
2011,DE Bollinger,caught,14
2011,DJ Bravo,caught,6
2011,DJ Hussey,caught,1
2011,DL Vettori,bowled_lbw,3
2011,DL Vettori,caught,9
2011,DP Nannes,bowled_lbw,1
2011,DP Nannes,caught,1
2011,DS Kulkarni,bowled_lbw,3
2011,DS Kulkarni,caught,2
2011,DT Christian,bowled_lbw,5
2011,DT Christian,caught,6
2011,DW Steyn,bowled_lbw,4
2011,DW Steyn,caught,10
2011,Harbhajan Singh,bowled_lbw,4
2011,Harbhajan Singh,caught,9
2011,Harmeet Singh,caught,3
2011,I Sharma,bowled_lbw,4
2011,I Sharma,caught,7
2011,IK Pathan,bowled_lbw,8
2011,IK Pathan,caught,3
2011,Iqbal Abdulla,bowled_lbw,4
2011,Iqbal Abdulla,caught,12
2011,J Botha,bowled_lbw,5
2011,J Botha,caught,2
2011,J Syed Mohammad,caught,5
2011,JA Morkel,bowled_lbw,2
2011,JA Morkel,caught,13
2011,JD Ryder,bowled_lbw,1
2011,JD Ryder,caught,3
2011,JD Unadkat,bowled_lbw,1
2011,JD Unadkat,caught,5
2011,JDP Oram,caught,1
2011,JE Taylor,caught,6
2011,JEC Franklin,bowled_lbw,1
2011,JEC Franklin,caught,2
2011,JH Kallis,bowled_lbw,2
2011,JH Kallis,caught,5
2011,JJ van der Wath,caught,3
2011,JP Duminy,bowled_lbw,1
2011,JP Duminy,caught,3
2011,JP Faulkner,bowled_lbw,1
2011,JR Hopes,bowled_lbw,1
2011,JR Hopes,caught,6
2011,KA Pollard,bowled_lbw,1
2011,KA Pollard,caught,9
2011,KMDN Kulasekara,bowled_lbw,1
2011,L Balaji,bowled_lbw,6
2011,L Balaji,caught,4
2011,M Kartik,caught,1
2011,M Morkel,bowled_lbw,3
2011,M Morkel,caught,10
2011,M Muralitharan,bowled_lbw,1
2011,M Muralitharan,caught,1
2011,MM Patel,bowled_lbw,2
2011,MM Patel,caught,20
2011,MR Marsh,bowled_lbw,2
2011,MR Marsh,caught,5
2011,MS Gony,bowled_lbw,1
2011,MS Gony,caught,3
2011,ND Doshi,bowled_lbw,1
2011,NLTC Perera,bowled_lbw,2
2011,P Kumar,bowled_lbw,3
2011,P Kumar,caught,7
2011,P Parameswaran,bowled_lbw,1
2011,P Parameswaran,caught,3
2011,PC Valthaty,bowled_lbw,2
2011,PC Valthaty,caught,5
2011,PP Chawla,bowled_lbw,5
2011,PP Chawla,caught,11
2011,PP Ojha,bowled_lbw,4
2011,PP Ojha,caught,6
2011,R Ashwin,bowled_lbw,6
2011,R Ashwin,caught,14
2011,R Bhatia,bowled_lbw,2
2011,R Bhatia,caught,6
2011,R McLaren,bowled_lbw,1
2011,R McLaren,caught,4
2011,R Ninan,caught,3
2011,R Sharma,bowled_lbw,6
2011,R Sharma,caught,10
2011,R Vinay Kumar,bowled_lbw,2
2011,R Vinay Kumar,caught,10
2011,RA Jadeja,bowled_lbw,3
2011,RA Jadeja,caught,4
2011,RE van der Merwe,bowled_lbw,3
2011,RE van der Merwe,caught,2
2011,RJ Harris,bowled_lbw,6
2011,RJ Harris,caught,10
2011,RP Singh,bowled_lbw,7
2011,RP Singh,caught,6
2011,RR Powar,caught,2
2011,RV Gomez,bowled_lbw,3
2011,RV Gomez,caught,2
2011,S Aravind,bowled_lbw,2
2011,S Aravind,caught,19
2011,S Dhawan,caught,1
2011,S Nadeem,caught,4
2011,S Randiv,caught,6
2011,S Sreesanth,bowled_lbw,3
2011,S Sreesanth,caught,4
2011,SB Jakati,bowled_lbw,4
2011,SB Jakati,caught,6
2011,SB Wagh,caught,4
2011,SJ Srivastava,bowled_lbw,1
2011,SJ Srivastava,caught,7
2011,SK Raina,bowled_lbw,1
2011,SK Raina,caught,3
2011,SK Trivedi,bowled_lbw,1
2011,SK Trivedi,caught,9
2011,SK Warne,bowled_lbw,1
2011,SK Warne,caught,12
2011,SL Malinga,bowled_lbw,16
2011,SL Malinga,caught,12
2011,SR Watson,bowled_lbw,1
2011,SR Watson,caught,5
2011,SS Mundhe,caught,1
2011,SW Tait,bowled_lbw,1
2011,SW Tait,caught,5
2011,Shakib Al Hasan,bowled_lbw,6
2011,Shakib Al Hasan,caught,5
2011,TG Southee,bowled_lbw,2
2011,TG Southee,caught,2
2011,TM Dilshan,caught,1
2011,UT Yadav,caught,2
2011,V Kohli,caught,2
2011,VR Aaron,bowled_lbw,1
2011,VR Aaron,caught,1
2011,WD Parnell,bowled_lbw,2
2011,WD Parnell,caught,7
2011,Y Nagar,caught,1
2011,YK Pathan,bowled_lbw,4
2011,YK Pathan,caught,9
2011,Yuvraj Singh,bowled_lbw,1
2011,Yuvraj Singh,caught,8
2011,Z Khan,bowled_lbw,6
2011,Z Khan,caught,8
2012,A Ashish Reddy,bowled_lbw,4
2012,A Ashish Reddy,caught,7
2012,A Chandila,caught,5
2012,A Mishra,bowled_lbw,4
2012,A Mishra,caught,9
2012,A Nehra,bowled_lbw,3
2012,A Nehra,caught,8
2012,A Singh,bowled_lbw,1
2012,A Singh,caught,9
2012,AA Chavan,bowled_lbw,3
2012,AA Chavan,caught,4
2012,AA Jhunjhunwala,bowled_lbw,1
2012,AB Agarkar,bowled_lbw,2
2012,AB Agarkar,caught,1
2012,AB Dinda,bowled_lbw,2
2012,AB Dinda,caught,7
2012,AB McDonald,bowled_lbw,2
2012,AB McDonald,caught,3
2012,AC Thomas,caught,3
2012,AD Mascarenhas,bowled_lbw,2
2012,AD Mascarenhas,caught,5
2012,AD Mathews,bowled_lbw,3
2012,AD Mathews,caught,4
2012,AD Russell,caught,1
2012,AL Menaria,caught,1
2012,Anand Rajan,bowled_lbw,1
2012,Anand Rajan,caught,2
2012,Ankit Sharma,bowled_lbw,2
2012,Ankit Sharma,caught,2
2012,Azhar Mahmood,caught,14
2012,B Kumar,bowled_lbw,3
2012,B Kumar,caught,5
2012,B Lee,bowled_lbw,2
2012,B Lee,caught,5
2012,BA Bhatt,bowled_lbw,1
2012,BA Bhatt,caught,1
2012,BJ Hodge,caught,1
2012,BW Hilfenhaus,bowled_lbw,3
2012,BW Hilfenhaus,caught,11
2012,CJ McKay,caught,1
2012,DAJ Bracewell,bowled_lbw,1
2012,DAJ Bracewell,caught,2
2012,DE Bollinger,bowled_lbw,1
2012,DE Bollinger,caught,7
2012,DJ Bravo,bowled_lbw,4
2012,DJ Bravo,caught,11
2012,DJ Hussey,bowled_lbw,1
2012,DJ Hussey,caught,2
2012,DL Vettori,bowled_lbw,1
2012,DL Vettori,caught,4
2012,DR Smith,bowled_lbw,1
2012,DR Smith,caught,1
2012,DS Kulkarni,bowled_lbw,1
2012,DS Kulkarni,caught,5
2012,DT Christian,bowled_lbw,2
2012,DT Christian,caught,6
2012,DW Steyn,bowled_lbw,7
2012,DW Steyn,caught,10
2012,DW Steyn,other,1
2012,GB Hogg,bowled_lbw,3
2012,GB Hogg,caught,7
2012,GJ Maxwell,bowled_lbw,1
2012,HV Patel,bowled_lbw,1
2012,HV Patel,caught,8
2012,Harbhajan Singh,bowled_lbw,1
2012,Harbhajan Singh,caught,4
2012,Harbhajan Singh,other,1
2012,Harmeet Singh,bowled_lbw,4
2012,Harmeet Singh,caught,3
2012,IK Pathan,bowled_lbw,1
2012,IK Pathan,caught,7
2012,Iqbal Abdulla,bowled_lbw,1
2012,Iqbal Abdulla,caught,3
2012,J Botha,bowled_lbw,5
2012,J Botha,caught,4
2012,J Theron,bowled_lbw,1
2012,J Theron,caught,1
2012,JA Morkel,bowled_lbw,2
2012,JA Morkel,caught,11
2012,JD Ryder,caught,1
2012,JEC Franklin,caught,6
2012,JH Kallis,bowled_lbw,5
2012,JH Kallis,caught,10
2012,JP Duminy,caught,1
2012,JP Faulkner,bowled_lbw,3
2012,KA Pollard,bowled_lbw,4
2012,KA Pollard,caught,12
2012,KK Cooper,bowled_lbw,4
2012,KK Cooper,caught,6
2012,KMDN Kulasekara,caught,4
2012,KP Appanna,bowled_lbw,1
2012,KP Appanna,caught,5
2012,L Balaji,bowled_lbw,3
2012,L Balaji,caught,8
2012,LR Shukla,caught,1
2012,M Kartik,caught,4
2012,M Morkel,bowled_lbw,9
2012,M Morkel,caught,16
2012,M Muralitharan,bowled_lbw,2
2012,M Muralitharan,caught,13
2012,M de Lange,bowled_lbw,1
2012,M de Lange,caught,2
2012,MJ Clarke,bowled_lbw,1
2012,MJ Clarke,caught,1
2012,MM Patel,bowled_lbw,6
2012,MM Patel,caught,9
2012,MN Samuels,bowled_lbw,2
2012,MN Samuels,caught,6
2012,MS Gony,caught,3
2012,P Awana,bowled_lbw,3
2012,P Awana,caught,14
2012,P Kumar,caught,9
2012,P Negi,bowled_lbw,1
2012,P Negi,caught,6
2012,P Parameswaran,caught,5
2012,PJ Sangwan,caught,1
2012,PP Chawla,bowled_lbw,7
2012,PP Chawla,caught,9
2012,PP Ojha,bowled_lbw,4
2012,PP Ojha,caught,5
2012,Pankaj Singh,bowled_lbw,2
2012,Pankaj Singh,caught,5
2012,R Ashwin,bowled_lbw,3
2012,R Ashwin,caught,11
2012,R Bhatia,bowled_lbw,2
2012,R Bhatia,caught,11
2012,R Sharma,bowled_lbw,3
2012,R Sharma,caught,6
2012,R Vinay Kumar,bowled_lbw,4
2012,R Vinay Kumar,caught,15
2012,RA Jadeja,bowled_lbw,7
2012,RA Jadeja,caught,5
2012,RE van der Merwe,bowled_lbw,1
2012,RE van der Merwe,caught,1
2012,RJ Harris,bowled_lbw,1
2012,RJ Harris,caught,7
2012,RJ Peterson,caught,3
2012,RN ten Doeschate,caught,1
2012,RP Singh,bowled_lbw,5
2012,RP Singh,caught,5
2012,S Dhawan,bowled_lbw,1
2012,S Dhawan,caught,2
2012,S Nadeem,bowled_lbw,4
2012,S Nadeem,caught,4
2012,SB Jakati,bowled_lbw,1
2012,SB Jakati,caught,8
2012,SC Ganguly,bowled_lbw,1
2012,SC Ganguly,caught,1
2012,SK Raina,caught,2
2012,SK Trivedi,bowled_lbw,4
2012,SK Trivedi,caught,9
2012,SL Malinga,bowled_lbw,9
2012,SL Malinga,caught,13
2012,SP Narine,bowled_lbw,7
2012,SP Narine,caught,17
2012,SR Watson,bowled_lbw,2
2012,SR Watson,caught,4
2012,STR Binny,bowled_lbw,2
2012,STR Binny,caught,1
2012,SW Tait,bowled_lbw,2
2012,SW Tait,caught,4
2012,Shakib Al Hasan,bowled_lbw,2
2012,Shakib Al Hasan,caught,10
2012,TP Sudhindra,caught,1
2012,UT Yadav,bowled_lbw,2
2012,UT Yadav,caught,17
2012,V Pratap Singh,bowled_lbw,2
2012,V Pratap Singh,caught,8
2012,VR Aaron,bowled_lbw,1
2012,VR Aaron,caught,7
2012,VY Mahesh,bowled_lbw,1
2012,VY Mahesh,caught,2
2012,WD Parnell,caught,5
2012,YK Pathan,bowled_lbw,1
2012,YK Pathan,caught,1
2012,Z Khan,bowled_lbw,4
2012,Z Khan,caught,13
2013,A Ashish Reddy,bowled_lbw,2
2013,A Ashish Reddy,caught,1
2013,A Chandila,caught,6
2013,A Mishra,bowled_lbw,7
2013,A Mishra,caught,14
2013,A Mithun,caught,1
2013,A Nehra,bowled_lbw,1
2013,A Nehra,caught,10
2013,AA Chavan,caught,1
2013,AB Dinda,bowled_lbw,4
2013,AB Dinda,caught,12
2013,AB McDonald,caught,1
2013,AC Gilchrist,caught,1
2013,AD Mathews,caught,5
2013,AG Murtaza,bowled_lbw,1
2013,AG Murtaza,caught,2
2013,AJ Finch,caught,1
2013,AM Nayar,caught,2
2013,AN Ahmed,caught,3
2013,AS Rajpoot,caught,1
2013,Anand Rajan,caught,2
2013,Azhar Mahmood,bowled_lbw,7
2013,Azhar Mahmood,caught,8
2013,B Kumar,bowled_lbw,4
2013,B Kumar,caught,9
2013,B Laughlin,caught,1
2013,B Lee,bowled_lbw,1
2013,B Lee,caught,3
2013,BA Bhatt,caught,1
2013,BAW Mendis,bowled_lbw,1
2013,BAW Mendis,caught,1
2013,BMAJ Mendis,caught,1
2013,Bipul Sharma,bowled_lbw,1
2013,CH Gayle,bowled_lbw,2
2013,CH Gayle,caught,1
2013,CH Morris,bowled_lbw,3
2013,CH Morris,caught,12
2013,CL White,caught,1
2013,DJ Bravo,bowled_lbw,7
2013,DJ Bravo,caught,25
2013,DJG Sammy,bowled_lbw,4
2013,DJG Sammy,caught,4
2013,DP Nannes,bowled_lbw,1
2013,DP Nannes,caught,3
2013,DR Smith,caught,2
2013,DS Kulkarni,caught,8
2013,DW Steyn,bowled_lbw,9
2013,DW Steyn,caught,10
2013,GH Vihari,caught,1
2013,Harbhajan Singh,bowled_lbw,6
2013,Harbhajan Singh,caught,18
2013,Harmeet Singh,caught,6
2013,I Sharma,bowled_lbw,4
2013,I Sharma,caught,11
2013,IC Pandey,caught,1
2013,IK Pathan,bowled_lbw,1
2013,IK Pathan,caught,9
2013,Iqbal Abdulla,bowled_lbw,3
2013,Iqbal Abdulla,caught,4
2013,J Botha,bowled_lbw,2
2013,J Botha,caught,3
2013,J Syed Mohammad,bowled_lbw,1
2013,J Syed Mohammad,caught,2
2013,JA Morkel,bowled_lbw,1
2013,JA Morkel,caught,6
2013,JD Unadkat,bowled_lbw,2
2013,JD Unadkat,caught,11
2013,JH Kallis,bowled_lbw,7
2013,JH Kallis,caught,9
2013,JJ Bumrah,bowled_lbw,2
2013,JJ Bumrah,caught,1
2013,JO Holder,bowled_lbw,1
2013,JO Holder,caught,1
2013,JP Faulkner,bowled_lbw,10
2013,JP Faulkner,caught,18
2013,KA Pollard,bowled_lbw,1
2013,KA Pollard,caught,9
2013,KK Cooper,bowled_lbw,7
2013,KK Cooper,caught,12
2013,KV Sharma,bowled_lbw,2
2013,KV Sharma,caught,9
2013,KW Richardson,bowled_lbw,1
2013,KW Richardson,caught,1
2013,L Balaji,bowled_lbw,3
2013,L Balaji,caught,9
2013,LJ Wright,caught,2
2013,LR Shukla,bowled_lbw,1
2013,M Kartik,bowled_lbw,2
2013,M Kartik,caught,7
2013,M Morkel,bowled_lbw,2
2013,M Morkel,caught,5
2013,M Muralitharan,bowled_lbw,3
2013,MC Henriques,bowled_lbw,3
2013,MC Henriques,caught,4
2013,MG Johnson,bowled_lbw,6
2013,MG Johnson,caught,18
2013,MM Patel,bowled_lbw,2
2013,MM Patel,caught,1
2013,MM Sharma,bowled_lbw,6
2013,MM Sharma,caught,14
2013,MN Samuels,caught,1
2013,MR Marsh,bowled_lbw,1
2013,MR Marsh,caught,6
2013,MS Gony,bowled_lbw,4
2013,MS Gony,caught,3
2013,Mohammed Shami,bowled_lbw,1
2013,NLTC Perera,bowled_lbw,3
2013,NLTC Perera,caught,16
2013,NM Coulter-Nile,bowled_lbw,1
2013,P Awana,bowled_lbw,4
2013,P Awana,caught,11
2013,P Kumar,bowled_lbw,5
2013,P Kumar,caught,7
2013,P Suyal,caught,1
2013,PP Chawla,bowled_lbw,6
2013,PP Chawla,caught,5
2013,PP Ojha,bowled_lbw,3
2013,PP Ojha,caught,13
2013,PV Tambe,caught,1
2013,Parvez Rasool,caught,1
2013,R Ashwin,bowled_lbw,4
2013,R Ashwin,caught,10
2013,R Bhatia,bowled_lbw,3
2013,R Bhatia,caught,8
2013,R Dhawan,caught,2
2013,R McLaren,caught,3
2013,R Rampaul,bowled_lbw,1
2013,R Rampaul,caught,12
2013,R Sharma,bowled_lbw,4
2013,R Sharma,caught,5
2013,R Shukla,bowled_lbw,1
2013,R Shukla,caught,2
2013,R Vinay Kumar,bowled_lbw,6
2013,R Vinay Kumar,caught,17
2013,RA Jadeja,bowled_lbw,3
2013,RA Jadeja,caught,10
2013,RE van der Merwe,bowled_lbw,1
2013,RE van der Merwe,caught,2
2013,RJ Harris,bowled_lbw,1
2013,RP Singh,bowled_lbw,5
2013,RP Singh,caught,8
2013,S Kaul,bowled_lbw,1
2013,S Kaul,caught,3
2013,S Ladda,bowled_lbw,1
2013,S Nadeem,bowled_lbw,1
2013,S Nadeem,caught,8
2013,S Sreesanth,bowled_lbw,1
2013,S Sreesanth,caught,4
2013,SK Raina,caught,1
2013,SK Trivedi,bowled_lbw,3
2013,SK Trivedi,caught,9
2013,SL Malinga,bowled_lbw,12
2013,SL Malinga,caught,8
2013,SMSM Senanayake,bowled_lbw,7
2013,SMSM Senanayake,caught,2
2013,SP Narine,bowled_lbw,5
2013,SP Narine,caught,17
2013,SR Watson,bowled_lbw,3
2013,SR Watson,caught,10
2013,STR Binny,bowled_lbw,2
2013,STR Binny,caught,4
2013,SW Tait,caught,1
2013,Sandeep Sharma,bowled_lbw,3
2013,Sandeep Sharma,caught,5
2013,TL Suman,caught,1
2013,UT Yadav,bowled_lbw,3
2013,UT Yadav,caught,13
2013,VS Malik,caught,2
2013,WD Parnell,bowled_lbw,3
2013,WD Parnell,caught,3
2013,YK Pathan,caught,1
2013,Yuvraj Singh,bowled_lbw,2
2013,Yuvraj Singh,caught,4
2013,Z Khan,bowled_lbw,1
2013,Z Khan,caught,4
2014,A Mishra,caught,7
2014,A Nehra,bowled_lbw,5
2014,A Nehra,caught,3
2014,AB Dinda,bowled_lbw,1
2014,AB Dinda,caught,4
2014,AD Russell,caught,1
2014,AN Ahmed,bowled_lbw,1
2014,AN Ahmed,caught,2
2014,AR Patel,bowled_lbw,8
2014,AR Patel,caught,9
2014,Ankit Sharma,caught,4
2014,B Kumar,bowled_lbw,7
2014,B Kumar,caught,13
2014,BCJ Cutting,bowled_lbw,1
2014,BE Hendricks,caught,4
2014,BW Hilfenhaus,bowled_lbw,3
2014,BW Hilfenhaus,caught,5
2014,CJ Anderson,caught,4
2014,DJ Hussey,caught,2
2014,DJG Sammy,bowled_lbw,1
2014,DJG Sammy,caught,2
2014,DR Smith,bowled_lbw,3
2014,DR Smith,caught,1
2014,DS Kulkarni,caught,6
2014,DW Steyn,bowled_lbw,1
2014,DW Steyn,caught,10
2014,GJ Maxwell,caught,1
2014,HV Patel,caught,4
2014,Harbhajan Singh,bowled_lbw,5
2014,Harbhajan Singh,caught,9
2014,I Sharma,bowled_lbw,1
2014,I Sharma,caught,2
2014,IC Pandey,bowled_lbw,1
2014,IC Pandey,caught,5
2014,IK Pathan,bowled_lbw,1
2014,IK Pathan,caught,3
2014,Imran Tahir,bowled_lbw,2
2014,Imran Tahir,caught,7
2014,JA Morkel,caught,4
2014,JD Unadkat,bowled_lbw,2
2014,JD Unadkat,caught,7
2014,JDS Neesham,caught,1
2014,JH Kallis,bowled_lbw,3
2014,JH Kallis,caught,1
2014,JJ Bumrah,bowled_lbw,3
2014,JJ Bumrah,caught,2
2014,JO Holder,bowled_lbw,1
2014,JP Duminy,bowled_lbw,1
2014,JP Duminy,caught,2
2014,JP Faulkner,bowled_lbw,3
2014,JP Faulkner,caught,8
2014,JW Hastings,bowled_lbw,1
2014,K Santokie,caught,3
2014,KA Pollard,caught,1
2014,KK Cooper,bowled_lbw,1
2014,KK Cooper,caught,3
2014,KV Sharma,bowled_lbw,4
2014,KV Sharma,caught,11
2014,KW Richardson,bowled_lbw,2
2014,KW Richardson,caught,7
2014,Karanveer Singh,bowled_lbw,1
2014,Karanveer Singh,caught,10
2014,L Balaji,bowled_lbw,3
2014,L Balaji,caught,9
2014,LMP Simmons,bowled_lbw,1
2014,LR Shukla,caught,1
2014,M Kartik,bowled_lbw,1
2014,M Morkel,bowled_lbw,3
2014,M Morkel,caught,9
2014,M Muralitharan,bowled_lbw,1
2014,M Muralitharan,caught,2
2014,M de Lange,bowled_lbw,1
2014,M de Lange,caught,1
2014,MA Starc,bowled_lbw,6
2014,MA Starc,caught,8
2014,MC Henriques,caught,4
2014,MG Johnson,bowled_lbw,3
2014,MG Johnson,caught,14
2014,MM Sharma,bowled_lbw,9
2014,MM Sharma,caught,14
2014,Mohammed Shami,bowled_lbw,1
2014,Mohammed Shami,caught,6
2014,NM Coulter-Nile,bowled_lbw,1
2014,NM Coulter-Nile,caught,1
2014,P Awana,bowled_lbw,1
2014,P Awana,caught,6
2014,P Kumar,bowled_lbw,1
2014,P Kumar,caught,2
2014,P Suyal,caught,1
2014,PJ Cummins,bowled_lbw,1
2014,PP Chawla,bowled_lbw,5
2014,PP Chawla,caught,9
2014,PP Ojha,caught,4
2014,PV Tambe,bowled_lbw,3
2014,PV Tambe,caught,11
2014,Parvez Rasool,caught,1
2014,R Ashwin,bowled_lbw,5
2014,R Ashwin,caught,11
2014,R Bhatia,bowled_lbw,4
2014,R Bhatia,caught,8
2014,R Dhawan,bowled_lbw,6
2014,R Dhawan,caught,7
2014,R Rampaul,caught,1
2014,R Sharma,bowled_lbw,1
2014,R Shukla,bowled_lbw,2
2014,R Tewatia,caught,2
2014,R Vinay Kumar,bowled_lbw,1
2014,R Vinay Kumar,caught,6
2014,RA Jadeja,bowled_lbw,4
2014,RA Jadeja,caught,15
2014,RG Sharma,bowled_lbw,1
2014,RN ten Doeschate,caught,1
2014,S Badree,bowled_lbw,1
2014,S Badree,caught,1
2014,S Gopal,bowled_lbw,1
2014,S Gopal,caught,5
2014,S Kaul,bowled_lbw,1
2014,S Kaul,caught,1
2014,S Nadeem,bowled_lbw,4
2014,S Nadeem,caught,4
2014,SK Raina,caught,1
2014,SL Malinga,bowled_lbw,6
2014,SL Malinga,caught,10
2014,SP Narine,bowled_lbw,12
2014,SP Narine,caught,9
2014,SR Watson,bowled_lbw,3
2014,SR Watson,caught,4
2014,STR Binny,bowled_lbw,1
2014,STR Binny,caught,2
2014,Sandeep Sharma,bowled_lbw,7
2014,Sandeep Sharma,caught,11
2014,Shakib Al Hasan,bowled_lbw,3
2014,Shakib Al Hasan,caught,8
2014,Shivam Sharma,bowled_lbw,1
2014,Shivam Sharma,caught,2
2014,UT Yadav,bowled_lbw,4
2014,UT Yadav,caught,7
2014,VR Aaron,bowled_lbw,1
2014,VR Aaron,caught,15
2014,VS Malik,caught,1
2014,WD Parnell,bowled_lbw,1
2014,WD Parnell,caught,5
2014,YS Chahal,bowled_lbw,1
2014,YS Chahal,caught,11
2014,Yuvraj Singh,bowled_lbw,2
2014,Yuvraj Singh,caught,3
2014,Z Khan,bowled_lbw,1
2014,Z Khan,caught,4
2015,A Ashish Reddy,bowled_lbw,2
2015,A Ashish Reddy,caught,1
2015,A Mishra,bowled_lbw,4
2015,A Mishra,caught,5
2015,A Nehra,bowled_lbw,6
2015,A Nehra,caught,16
2015,AD Mathews,bowled_lbw,1
2015,AD Mathews,caught,6
2015,AD Russell,bowled_lbw,2
2015,AD Russell,caught,12
2015,AN Ahmed,caught,1
2015,AR Patel,bowled_lbw,1
2015,AR Patel,caught,12
2015,Ankit Sharma,bowled_lbw,1
2015,Ankit Sharma,caught,2
2015,Anureet Singh,bowled_lbw,4
2015,Anureet Singh,caught,11
2015,B Kumar,bowled_lbw,9
2015,B Kumar,caught,9
2015,BE Hendricks,bowled_lbw,1
2015,BE Hendricks,caught,4
2015,Bipul Sharma,caught,3
2015,CH Morris,bowled_lbw,2
2015,CH Morris,caught,11
2015,CJ Anderson,caught,1
2015,D Wiese,bowled_lbw,2
2015,D Wiese,caught,14
2015,DJ Bravo,bowled_lbw,2
2015,DJ Bravo,caught,24
2015,DJ Hooda,caught,1
2015,DJ Muthuswami,bowled_lbw,1
2015,DJ Muthuswami,caught,3
2015,DR Smith,bowled_lbw,1
2015,DS Kulkarni,bowled_lbw,2
2015,DS Kulkarni,caught,11
2015,DW Steyn,bowled_lbw,2
2015,DW Steyn,caught,1
2015,GB Hogg,bowled_lbw,4
2015,GB Hogg,caught,5
2015,GJ Maxwell,caught,2
2015,GS Sandhu,caught,1
2015,Gurkeerat Singh,bowled_lbw,1
2015,Gurkeerat Singh,caught,2
2015,HH Pandya,caught,1
2015,HV Patel,bowled_lbw,4
2015,HV Patel,caught,13
2015,Harbhajan Singh,bowled_lbw,6
2015,Harbhajan Singh,caught,12
2015,I Sharma,caught,1
2015,IC Pandey,bowled_lbw,3
2015,IC Pandey,caught,8
2015,Imran Tahir,bowled_lbw,4
2015,Imran Tahir,caught,11
2015,Iqbal Abdulla,bowled_lbw,1
2015,Iqbal Abdulla,caught,3
2015,J Botha,caught,1
2015,J Suchith,bowled_lbw,2
2015,J Suchith,caught,8
2015,J Theron,caught,1
2015,J Yadav,caught,2
2015,JA Morkel,bowled_lbw,2
2015,JA Morkel,caught,1
2015,JJ Bumrah,caught,3
2015,JP Duminy,bowled_lbw,4
2015,JP Duminy,caught,4
2015,JP Faulkner,bowled_lbw,2
2015,JP Faulkner,caught,6
2015,KA Pollard,caught,3
2015,KC Cariappa,caught,1
2015,KV Sharma,bowled_lbw,1
2015,KV Sharma,caught,9
2015,Karanveer Singh,caught,1
2015,M Morkel,caught,10
2015,MA Starc,bowled_lbw,11
2015,MA Starc,caught,9
2015,MC Henriques,bowled_lbw,1
2015,MC Henriques,caught,10
2015,MG Johnson,bowled_lbw,2
2015,MG Johnson,caught,7
2015,MJ McClenaghan,caught,18
2015,MM Sharma,bowled_lbw,1
2015,MM Sharma,caught,13
2015,NLTC Perera,caught,1
2015,NM Coulter-Nile,bowled_lbw,2
2015,NM Coulter-Nile,caught,13
2015,P Kumar,bowled_lbw,1
2015,P Kumar,caught,6
2015,P Negi,caught,6
2015,PJ Cummins,caught,1
2015,PP Chawla,bowled_lbw,4
2015,PP Chawla,caught,7
2015,PV Tambe,bowled_lbw,4
2015,PV Tambe,caught,3
2015,Parvez Rasool,caught,1
2015,R Ashwin,bowled_lbw,1
2015,R Ashwin,caught,9
2015,R Dhawan,bowled_lbw,1
2015,R Tewatia,caught,1
2015,R Vinay Kumar,caught,7
2015,RA Jadeja,bowled_lbw,3
2015,RA Jadeja,caught,8
2015,RG More,caught,1
2015,RS Bopara,bowled_lbw,2
2015,RS Bopara,caught,4
2015,S Aravind,bowled_lbw,3
2015,S Aravind,caught,5
2015,S Gopal,caught,1
2015,SK Raina,caught,2
2015,SL Malinga,bowled_lbw,7
2015,SL Malinga,caught,17
2015,SN Thakur,caught,1
2015,SP Narine,bowled_lbw,4
2015,SP Narine,caught,3
2015,SR Watson,bowled_lbw,1
2015,SR Watson,caught,5
2015,STR Binny,bowled_lbw,2
2015,STR Binny,caught,2
2015,Sandeep Sharma,bowled_lbw,7
2015,Sandeep Sharma,caught,6
2015,Shakib Al Hasan,caught,4
2015,Shivam Sharma,bowled_lbw,1
2015,TA Boult,bowled_lbw,3
2015,TA Boult,caught,6
2015,TG Southee,bowled_lbw,1
2015,TG Southee,caught,5
2015,UT Yadav,bowled_lbw,3
2015,UT Yadav,caught,7
2015,VR Aaron,caught,3
2015,YK Pathan,bowled_lbw,2
2015,YS Chahal,bowled_lbw,5
2015,YS Chahal,caught,17
2015,Yuvraj Singh,bowled_lbw,1
2015,Z Khan,bowled_lbw,1
2015,Z Khan,caught,6
2016,A Ashish Reddy,bowled_lbw,1
2016,A Mishra,bowled_lbw,4
2016,A Mishra,caught,9
2016,A Nehra,bowled_lbw,1
2016,A Nehra,caught,8
2016,A Zampa,bowled_lbw,2
2016,A Zampa,caught,10
2016,AB Dinda,bowled_lbw,3
2016,AB Dinda,caught,8
2016,AD Russell,bowled_lbw,4
2016,AD Russell,caught,11
2016,AF Milne,caught,1
2016,AR Patel,bowled_lbw,6
2016,AR Patel,caught,6
2016,AR Patel,other,1
2016,AS Rajpoot,caught,3
2016,Ankit Sharma,bowled_lbw,1
2016,B Kumar,bowled_lbw,7
2016,B Kumar,caught,16
2016,BB Sran,bowled_lbw,2
2016,BB Sran,caught,12
2016,BCJ Cutting,bowled_lbw,2
2016,BCJ Cutting,caught,3
2016,Bipul Sharma,caught,3
2016,CH Gayle,caught,2
2016,CH Morris,bowled_lbw,8
2016,CH Morris,caught,5
2016,CJ Jordan,bowled_lbw,4
2016,CJ Jordan,caught,7
2016,CR Brathwaite,bowled_lbw,2
2016,CR Brathwaite,caught,5
2016,DJ Bravo,bowled_lbw,6
2016,DJ Bravo,caught,11
2016,DJ Hooda,caught,3
2016,DR Smith,bowled_lbw,1
2016,DR Smith,caught,7
2016,DS Kulkarni,bowled_lbw,3
2016,DS Kulkarni,caught,15
2016,GB Hogg,caught,4
2016,Gurkeerat Singh,caught,2
2016,HH Pandya,caught,3
2016,HV Patel,caught,1
2016,Harbhajan Singh,bowled_lbw,2
2016,Harbhajan Singh,caught,7
2016,I Sharma,bowled_lbw,2
2016,I Sharma,caught,1
2016,Imran Tahir,bowled_lbw,1
2016,Imran Tahir,caught,4
2016,Iqbal Abdulla,caught,6
2016,J Yadav,bowled_lbw,1
2016,J Yadav,caught,1
2016,JA Morkel,bowled_lbw,2
2016,JJ Bumrah,bowled_lbw,4
2016,JJ Bumrah,caught,11
2016,JO Holder,bowled_lbw,1
2016,JO Holder,caught,1
2016,JP Duminy,caught,2
2016,JP Faulkner,bowled_lbw,1
2016,JP Faulkner,caught,1
2016,JW Hastings,caught,2
2016,KC Cariappa,bowled_lbw,1
2016,KC Cariappa,caught,2
2016,KH Pandya,bowled_lbw,1
2016,KH Pandya,caught,5
2016,KJ Abbott,bowled_lbw,1
2016,KJ Abbott,caught,1
2016,KW Richardson,caught,7
2016,Kuldeep Yadav,bowled_lbw,1
2016,Kuldeep Yadav,caught,5
2016,M Ashwin,bowled_lbw,2
2016,M Ashwin,caught,5
2016,M Morkel,bowled_lbw,2
2016,M Morkel,caught,8
2016,MC Henriques,bowled_lbw,1
2016,MC Henriques,caught,11
2016,MG Johnson,caught,2
2016,MJ McClenaghan,bowled_lbw,4
2016,MJ McClenaghan,caught,12
2016,MJ McClenaghan,other,1
2016,MM Sharma,bowled_lbw,3
2016,MM Sharma,caught,10
2016,MP Stoinis,bowled_lbw,1
2016,MP Stoinis,caught,7
2016,MR Marsh,caught,4
2016,Mohammed Shami,bowled_lbw,2
2016,Mohammed Shami,caught,3
2016,Mustafizur Rahman,bowled_lbw,4
2016,Mustafizur Rahman,caught,13
2016,NLTC Perera,bowled_lbw,2
2016,NLTC Perera,caught,7
2016,NM Coulter-Nile,caught,2
2016,NM Coulter-Nile,other,1
2016,P Kumar,bowled_lbw,3
2016,P Kumar,caught,6
2016,P Negi,caught,1
2016,P Sahu,bowled_lbw,1
2016,P Sahu,caught,2
2016,PP Chawla,bowled_lbw,6
2016,PP Chawla,caught,5
2016,PV Tambe,bowled_lbw,1
2016,PV Tambe,caught,4
2016,Parvez Rasool,bowled_lbw,1
2016,R Ashwin,bowled_lbw,3
2016,R Ashwin,caught,6
2016,R Bhatia,bowled_lbw,3
2016,R Bhatia,caught,3
2016,R Dhawan,caught,2
2016,R Sathish,bowled_lbw,1
2016,R Vinay Kumar,bowled_lbw,2
2016,R Vinay Kumar,caught,1
2016,RA Jadeja,bowled_lbw,3
2016,RA Jadeja,caught,5
2016,RP Singh,bowled_lbw,1
2016,RP Singh,caught,2
2016,S Aravind,bowled_lbw,3
2016,S Aravind,caught,8
2016,S Kaushik,caught,6
2016,S Nadeem,caught,2
2016,SB Jakati,caught,1
2016,SM Boland,caught,2
2016,SP Narine,bowled_lbw,6
2016,SP Narine,caught,5
2016,SR Watson,bowled_lbw,3
2016,SR Watson,caught,17
2016,STR Binny,caught,1
2016,Sachin Baby,caught,2
2016,Sandeep Sharma,bowled_lbw,2
2016,Sandeep Sharma,caught,13
2016,Shakib Al Hasan,bowled_lbw,2
2016,Shakib Al Hasan,caught,3
2016,T Shamsi,caught,3
2016,TA Boult,bowled_lbw,1
2016,TG Southee,bowled_lbw,3
2016,TG Southee,caught,6
2016,UT Yadav,bowled_lbw,5
2016,UT Yadav,caught,5
2016,VR Aaron,caught,2
2016,YK Pathan,caught,1
2016,YS Chahal,bowled_lbw,4
2016,YS Chahal,caught,16
2016,Z Khan,bowled_lbw,2
2016,Z Khan,caught,8
2017,A Choudhary,caught,5
2017,A Mishra,caught,10
2017,A Nehra,bowled_lbw,2
2017,A Nehra,caught,6
2017,A Zampa,bowled_lbw,1
2017,A Zampa,caught,6
2017,AB Dinda,caught,1
2017,AF Milne,bowled_lbw,1
2017,AF Milne,caught,2
2017,AJ Tye,bowled_lbw,2
2017,AJ Tye,caught,10
2017,AR Patel,bowled_lbw,5
2017,AR Patel,caught,10
2017,AS Rajpoot,bowled_lbw,2
2017,AS Rajpoot,caught,2
2017,Ankit Soni,bowled_lbw,1
2017,Ankit Soni,caught,1
2017,Avesh Khan,caught,1
2017,B Kumar,bowled_lbw,8
2017,B Kumar,caught,18
2017,B Stanlake,bowled_lbw,1
2017,B Stanlake,caught,1
2017,BA Stokes,bowled_lbw,5
2017,BA Stokes,caught,7
2017,BCJ Cutting,caught,1
2017,Basil Thampi,bowled_lbw,6
2017,Basil Thampi,caught,5
2017,Bipul Sharma,caught,3
2017,C de Grandhomme,bowled_lbw,1
2017,C de Grandhomme,caught,3
2017,CH Morris,bowled_lbw,5
2017,CH Morris,caught,7
2017,CJ Anderson,bowled_lbw,1
2017,CJ Anderson,caught,2
2017,CJ Jordan,caught,1
2017,CR Brathwaite,caught,1
2017,CR Woakes,bowled_lbw,5
2017,CR Woakes,caught,12
2017,DJ Hooda,caught,2
2017,DL Chahar,caught,1
2017,DR Smith,caught,2
2017,DS Kulkarni,caught,3
2017,DT Christian,bowled_lbw,2
2017,DT Christian,caught,9
2017,GJ Maxwell,bowled_lbw,4
2017,GJ Maxwell,caught,3
2017,HH Pandya,bowled_lbw,3
2017,HH Pandya,caught,3
2017,HV Patel,bowled_lbw,2
2017,HV Patel,caught,1
2017,Harbhajan Singh,bowled_lbw,1
2017,Harbhajan Singh,caught,7
2017,Imran Tahir,bowled_lbw,10
2017,Imran Tahir,caught,8
2017,Iqbal Abdulla,bowled_lbw,1
2017,Iqbal Abdulla,caught,1
2017,JD Unadkat,bowled_lbw,5
2017,JD Unadkat,caught,19
2017,JJ Bumrah,bowled_lbw,11
2017,JJ Bumrah,caught,9
2017,JP Faulkner,caught,6
2017,K Rabada,bowled_lbw,3
2017,K Rabada,caught,3
2017,KC Cariappa,bowled_lbw,1
2017,KC Cariappa,caught,3
2017,KH Pandya,bowled_lbw,1
2017,KH Pandya,caught,8
2017,KV Sharma,bowled_lbw,2
2017,KV Sharma,caught,11
2017,Kuldeep Yadav,bowled_lbw,2
2017,Kuldeep Yadav,caught,9
2017,LH Ferguson,caught,3
2017,MC Henriques,caught,1
2017,MG Johnson,bowled_lbw,1
2017,MG Johnson,caught,6
2017,MJ Henry,caught,1
2017,MJ McClenaghan,bowled_lbw,6
2017,MJ McClenaghan,caught,13
2017,MM Patel,caught,1
2017,MM Sharma,bowled_lbw,2
2017,MM Sharma,caught,11
2017,MP Stoinis,caught,2
2017,Mohammad Nabi,bowled_lbw,2
2017,Mohammed Shami,bowled_lbw,3
2017,Mohammed Shami,caught,2
2017,Mohammed Siraj,bowled_lbw,3
2017,Mohammed Siraj,caught,7
2017,NB Singh,caught,1
2017,NM Coulter-Nile,bowled_lbw,3
2017,NM Coulter-Nile,caught,12
2017,P Kumar,caught,6
2017,P Negi,bowled_lbw,3
2017,P Negi,caught,13
2017,PJ Cummins,bowled_lbw,5
2017,PJ Cummins,caught,10
2017,PJ Sangwan,bowled_lbw,2
2017,PJ Sangwan,caught,3
2017,PP Chawla,bowled_lbw,5
2017,PP Chawla,caught,1
2017,R Bhatia,caught,2
2017,R Tewatia,caught,3
2017,R Vinay Kumar,caught,2
2017,RA Jadeja,bowled_lbw,3
2017,RA Jadeja,caught,2
2017,RD Chahar,caught,2
2017,Rashid Khan,bowled_lbw,12
2017,Rashid Khan,caught,5
2017,S Aravind,bowled_lbw,2
2017,S Aravind,caught,3
2017,S Badree,bowled_lbw,4
2017,S Badree,caught,5
2017,S Kaul,bowled_lbw,4
2017,S Kaul,caught,12
2017,S Nadeem,bowled_lbw,2
2017,S Nadeem,caught,4
2017,SK Raina,caught,1
2017,SL Malinga,bowled_lbw,4
2017,SL Malinga,caught,7
2017,SN Thakur,bowled_lbw,1
2017,SN Thakur,caught,10
2017,SP Narine,bowled_lbw,6
2017,SP Narine,caught,4
2017,SR Watson,bowled_lbw,3
2017,SR Watson,caught,2
2017,SS Agarwal,caught,1
2017,STR Binny,caught,4
2017,Sandeep Sharma,bowled_lbw,4
2017,Sandeep Sharma,caught,13
2017,Swapnil Singh,caught,1
2017,T Natarajan,caught,2
2017,TA Boult,caught,5
2017,TG Southee,caught,3
2017,TM Head,caught,2
2017,TS Mills,bowled_lbw,3
2017,TS Mills,caught,2
2017,UT Yadav,bowled_lbw,3
2017,UT Yadav,caught,14
2017,VR Aaron,bowled_lbw,2
2017,VR Aaron,caught,5
2017,Washington Sundar,bowled_lbw,2
2017,Washington Sundar,caught,5
2017,Washington Sundar,other,1
2017,YK Pathan,caught,1
2017,YS Chahal,bowled_lbw,2
2017,YS Chahal,caught,11
2017,Yuvraj Singh,caught,1
2017,Z Khan,bowled_lbw,1
2017,Z Khan,caught,9
2018,A Mishra,bowled_lbw,3
2018,A Mishra,caught,9
2018,AD Russell,bowled_lbw,1
2018,AD Russell,caught,12
2018,AJ Tye,bowled_lbw,3
2018,AJ Tye,caught,21
2018,AR Patel,caught,3
2018,AS Rajpoot,bowled_lbw,3
2018,AS Rajpoot,caught,8
2018,Anureet Singh,bowled_lbw,1
2018,Avesh Khan,bowled_lbw,1
2018,Avesh Khan,caught,3
2018,B Kumar,bowled_lbw,1
2018,B Kumar,caught,8
2018,B Laughlin,bowled_lbw,1
2018,B Laughlin,caught,8
2018,B Stanlake,caught,5
2018,BA Stokes,bowled_lbw,1
2018,BA Stokes,caught,7
2018,BB Sran,caught,4
2018,BCJ Cutting,caught,2
2018,Basil Thampi,bowled_lbw,1
2018,Basil Thampi,caught,4
2018,C de Grandhomme,caught,2
2018,CH Morris,caught,3
2018,CJ Anderson,caught,3
2018,CR Brathwaite,caught,5
2018,CR Woakes,caught,8
2018,DJ Bravo,bowled_lbw,1
2018,DJ Bravo,caught,13
2018,DJ Willey,caught,2
2018,DJM Short,caught,1
2018,DL Chahar,bowled_lbw,3
2018,DL Chahar,caught,7
2018,DS Kulkarni,bowled_lbw,1
2018,DS Kulkarni,caught,3
2018,DT Christian,bowled_lbw,2
2018,DT Christian,caught,2
2018,GJ Maxwell,bowled_lbw,2
2018,GJ Maxwell,caught,3
2018,HH Pandya,bowled_lbw,1
2018,HH Pandya,caught,17
2018,HV Patel,bowled_lbw,1
2018,HV Patel,caught,6
2018,Harbhajan Singh,bowled_lbw,2
2018,Harbhajan Singh,caught,5
2018,IS Sodhi,bowled_lbw,1
2018,IS Sodhi,caught,4
2018,Imran Tahir,bowled_lbw,1
2018,Imran Tahir,caught,5
2018,JC Archer,bowled_lbw,5
2018,JC Archer,caught,10
2018,JD Unadkat,caught,11
2018,JJ Bumrah,bowled_lbw,2
2018,JJ Bumrah,caught,15
2018,JPR Scantlebury-Searles,caught,2
2018,K Gowtham,bowled_lbw,4
2018,K Gowtham,caught,6
2018,K Khejroliya,bowled_lbw,2
2018,KH Pandya,bowled_lbw,1
2018,KH Pandya,caught,10
2018,KM Asif,caught,3
2018,KV Sharma,bowled_lbw,1
2018,KV Sharma,caught,3
2018,Kuldeep Yadav,bowled_lbw,3
2018,Kuldeep Yadav,caught,14
2018,L Ngidi,bowled_lbw,2
2018,L Ngidi,caught,9
2018,LE Plunkett,bowled_lbw,1
2018,LE Plunkett,caught,3
2018,M Ashwin,caught,3
2018,M Markande,bowled_lbw,7
2018,M Markande,caught,8
2018,M Prasidh Krishna,bowled_lbw,3
2018,M Prasidh Krishna,caught,7
2018,MG Johnson,caught,2
2018,MJ McClenaghan,bowled_lbw,2
2018,MJ McClenaghan,caught,12
2018,MM Ali,caught,3
2018,MM Sharma,bowled_lbw,3
2018,MM Sharma,caught,4
2018,MP Stoinis,caught,3
2018,Mohammad Nabi,caught,1
2018,Mohammed Shami,bowled_lbw,1
2018,Mohammed Shami,caught,2
2018,Mohammed Siraj,bowled_lbw,2
2018,Mohammed Siraj,caught,9
2018,Mujeeb Ur Rahman,bowled_lbw,5
2018,Mujeeb Ur Rahman,caught,9
2018,Mustafizur Rahman,caught,7
2018,N Rana,bowled_lbw,2
2018,N Rana,caught,2
2018,P Negi,caught,1
2018,PP Chawla,bowled_lbw,3
2018,PP Chawla,caught,10
2018,R Ashwin,bowled_lbw,4
2018,R Ashwin,caught,6
2018,R Tewatia,bowled_lbw,1
2018,R Tewatia,caught,5
2018,R Vinay Kumar,caught,2
2018,RA Jadeja,bowled_lbw,5
2018,RA Jadeja,caught,6
2018,Rashid Khan,bowled_lbw,12
2018,Rashid Khan,caught,9
2018,S Gopal,caught,11
2018,S Kaul,bowled_lbw,6
2018,S Kaul,caught,15
2018,S Lamichhane,bowled_lbw,1
2018,S Lamichhane,caught,4
2018,S Nadeem,bowled_lbw,1
2018,S Nadeem,caught,2
2018,SN Thakur,bowled_lbw,1
2018,SN Thakur,caught,15
2018,SP Narine,bowled_lbw,7
2018,SP Narine,caught,10
2018,SR Watson,bowled_lbw,1
2018,SR Watson,caught,5
2018,Sandeep Sharma,bowled_lbw,4
2018,Sandeep Sharma,caught,8
2018,Shakib Al Hasan,bowled_lbw,2
2018,Shakib Al Hasan,caught,12
2018,Shivam Mavi,bowled_lbw,2
2018,Shivam Mavi,caught,3
2018,TA Boult,bowled_lbw,5
2018,TA Boult,caught,13
2018,TG Southee,bowled_lbw,3
2018,TG Southee,caught,2
2018,TK Curran,bowled_lbw,1
2018,TK Curran,caught,5
2018,UT Yadav,bowled_lbw,8
2018,UT Yadav,caught,12
2018,V Shankar,caught,1
2018,Washington Sundar,bowled_lbw,1
2018,Washington Sundar,caught,3
2018,YK Pathan,bowled_lbw,1
2018,YS Chahal,bowled_lbw,6
2018,YS Chahal,caught,6
2019,A Mishra,bowled_lbw,1
2019,A Mishra,caught,9
2019,AD Russell,bowled_lbw,2
2019,AD Russell,caught,8
2019,AD Russell,other,1
2019,AJ Tye,caught,3
2019,AR Patel,bowled_lbw,2
2019,AR Patel,caught,8
2019,AS Joseph,bowled_lbw,3
2019,AS Joseph,caught,3
2019,AS Rajpoot,caught,3
2019,AS Roy,caught,1
2019,Abhishek Sharma,caught,1
2019,Arshdeep Singh,bowled_lbw,1
2019,Arshdeep Singh,caught,2
2019,B Kumar,bowled_lbw,2
2019,B Kumar,caught,11
2019,BA Stokes,bowled_lbw,1
2019,BA Stokes,caught,5
2019,BCJ Cutting,caught,1
2019,CH Morris,bowled_lbw,5
2019,CH Morris,caught,8
2019,CV Varun,caught,1
2019,DJ Bravo,bowled_lbw,1
2019,DJ Bravo,caught,10
2019,DL Chahar,bowled_lbw,7
2019,DL Chahar,caught,15
2019,DS Kulkarni,bowled_lbw,2
2019,DS Kulkarni,caught,4
2019,DW Steyn,bowled_lbw,1
2019,DW Steyn,caught,3
2019,GC Viljoen,bowled_lbw,2
2019,GC Viljoen,caught,5
2019,HF Gurney,bowled_lbw,2
2019,HF Gurney,caught,5
2019,HH Pandya,bowled_lbw,1
2019,HH Pandya,caught,13
2019,HV Patel,bowled_lbw,1
2019,HV Patel,caught,1
2019,Harbhajan Singh,bowled_lbw,1
2019,Harbhajan Singh,caught,15
2019,I Sharma,bowled_lbw,3
2019,I Sharma,caught,10
2019,IS Sodhi,bowled_lbw,1
2019,IS Sodhi,caught,3
2019,Imran Tahir,bowled_lbw,3
2019,Imran Tahir,caught,23
2019,J Suchith,caught,2
2019,J Yadav,caught,1
2019,JC Archer,bowled_lbw,2
2019,JC Archer,caught,9
2019,JD Unadkat,bowled_lbw,2
2019,JD Unadkat,caught,8
2019,JJ Bumrah,bowled_lbw,5
2019,JJ Bumrah,caught,14
2019,JP Behrendorff,caught,5
2019,K Gowtham,caught,1
2019,K Khejroliya,caught,1
2019,K Rabada,bowled_lbw,3
2019,K Rabada,caught,22
2019,KH Pandya,bowled_lbw,5
2019,KH Pandya,caught,7
2019,KK Ahmed,bowled_lbw,1
2019,KK Ahmed,caught,18
2019,KMA Paul,caught,9
2019,KV Sharma,caught,1
2019,Kuldeep Yadav,caught,4
2019,LH Ferguson,caught,2
2019,M Ashwin,bowled_lbw,1
2019,M Ashwin,caught,4
2019,M Markande,bowled_lbw,1
2019,M Prasidh Krishna,bowled_lbw,1
2019,M Prasidh Krishna,caught,3
2019,MJ McClenaghan,caught,3
2019,MJ Santner,caught,4
2019,MM Ali,bowled_lbw,4
2019,MM Ali,caught,2
2019,MM Sharma,caught,1
2019,MP Stoinis,caught,2
2019,Mohammad Nabi,bowled_lbw,1
2019,Mohammad Nabi,caught,7
2019,Mohammed Shami,bowled_lbw,7
2019,Mohammed Shami,caught,12
2019,Mohammed Siraj,bowled_lbw,2
2019,Mohammed Siraj,caught,5
2019,Mujeeb Ur Rahman,caught,3
2019,N Rana,bowled_lbw,1
2019,N Rana,caught,2
2019,Navdeep Saini,caught,11
2019,O Thomas,caught,5
2019,P Negi,bowled_lbw,1
2019,P Negi,caught,2
2019,PP Chawla,bowled_lbw,4
2019,PP Chawla,caught,6
2019,R Ashwin,bowled_lbw,5
2019,R Ashwin,caught,10
2019,R Parag,caught,2
2019,R Tewatia,bowled_lbw,1
2019,R Tewatia,caught,1
2019,RA Jadeja,bowled_lbw,4
2019,RA Jadeja,caught,11
2019,RD Chahar,bowled_lbw,4
2019,RD Chahar,caught,9
2019,Rashid Khan,bowled_lbw,8
2019,Rashid Khan,caught,9
2019,S Gopal,bowled_lbw,3
2019,S Gopal,caught,17
2019,S Kaul,bowled_lbw,1
2019,S Kaul,caught,5
2019,S Lamichhane,bowled_lbw,2
2019,S Lamichhane,caught,6
2019,S Nadeem,bowled_lbw,1
2019,S Nadeem,caught,1
2019,S Sandeep Warrier,caught,2
2019,SC Kuggeleijn,caught,2
2019,SE Rutherford,caught,1
2019,SL Malinga,bowled_lbw,1
2019,SL Malinga,caught,15
2019,SM Curran,bowled_lbw,4
2019,SM Curran,caught,6
2019,SN Thakur,caught,8
2019,SP Narine,bowled_lbw,4
2019,SP Narine,caught,6
2019,STR Binny,caught,1
2019,Sandeep Sharma,bowled_lbw,3
2019,Sandeep Sharma,caught,9
2019,Shakib Al Hasan,caught,2
2019,TA Boult,caught,5
2019,TG Southee,caught,1
2019,UT Yadav,caught,8
2019,V Shankar,caught,1
2019,VR Aaron,bowled_lbw,2
2019,VR Aaron,caught,2
2019,Washington Sundar,caught,4
2019,Y Prithvi Raj,bowled_lbw,1
2019,YS Chahal,bowled_lbw,6
2019,YS Chahal,caught,12
2020,A Mishra,caught,3
2020,A Nortje,bowled_lbw,9
2020,A Nortje,caught,13
2020,A Zampa,caught,2
2020,AD Russell,bowled_lbw,1
2020,AD Russell,caught,4
2020,AD Russell,other,1
2020,AJ Tye,caught,1
2020,AR Patel,bowled_lbw,1
2020,AR Patel,caught,8
2020,AS Rajpoot,caught,2
2020,Abdul Samad,caught,1
2020,Abhishek Sharma,bowled_lbw,1
2020,Abhishek Sharma,caught,1
2020,Arshdeep Singh,bowled_lbw,1
2020,Arshdeep Singh,caught,8
2020,B Kumar,bowled_lbw,1
2020,B Kumar,caught,2
2020,BA Stokes,caught,2
2020,Basil Thampi,caught,1
2020,CH Morris,bowled_lbw,2
2020,CH Morris,caught,9
2020,CJ Jordan,bowled_lbw,2
2020,CJ Jordan,caught,7
2020,CV Varun,bowled_lbw,6
2020,CV Varun,caught,11
2020,DJ Bravo,caught,6
2020,DL Chahar,bowled_lbw,5
2020,DL Chahar,caught,7
2020,DW Steyn,caught,1
2020,GJ Maxwell,bowled_lbw,1
2020,GJ Maxwell,caught,2
2020,HV Patel,caught,3
2020,I Udana,bowled_lbw,2
2020,I Udana,caught,6
2020,Imran Tahir,bowled_lbw,1
2020,J Yadav,bowled_lbw,1
2020,JC Archer,bowled_lbw,6
2020,JC Archer,caught,14
2020,JD Unadkat,bowled_lbw,1
2020,JD Unadkat,caught,3
2020,JDS Neesham,caught,2
2020,JJ Bumrah,bowled_lbw,10
2020,JJ Bumrah,caught,17
2020,JL Pattinson,bowled_lbw,3
2020,JL Pattinson,caught,8
2020,JO Holder,bowled_lbw,2
2020,JO Holder,caught,12
2020,JR Hazlewood,caught,1
2020,K Gowtham,caught,1
2020,K Rabada,bowled_lbw,4
2020,K Rabada,caught,26
2020,KA Pollard,caught,4
2020,KH Pandya,bowled_lbw,3
2020,KH Pandya,caught,3
2020,KK Ahmed,bowled_lbw,3
2020,KK Ahmed,caught,5
2020,KL Nagarkoti,caught,5
2020,KV Sharma,bowled_lbw,1
2020,KV Sharma,caught,4
2020,Kartik Tyagi,caught,9
2020,Kuldeep Yadav,caught,1
2020,L Ngidi,bowled_lbw,2
2020,L Ngidi,caught,7
2020,LH Ferguson,bowled_lbw,2
2020,LH Ferguson,caught,4
2020,M Ashwin,bowled_lbw,6
2020,M Ashwin,caught,4
2020,M Prasidh Krishna,bowled_lbw,2
2020,M Prasidh Krishna,caught,2
2020,MJ Santner,caught,2
2020,MM Ali,caught,1
2020,MM Sharma,bowled_lbw,1
2020,MP Stoinis,bowled_lbw,3
2020,MP Stoinis,caught,10
2020,Mohammed Shami,bowled_lbw,3
2020,Mohammed Shami,caught,17
2020,Mohammed Siraj,bowled_lbw,3
2020,Mohammed Siraj,caught,8
2020,NM Coulter-Nile,caught,5
2020,Navdeep Saini,bowled_lbw,3
2020,Navdeep Saini,caught,3
2020,PJ Cummins,bowled_lbw,5
2020,PJ Cummins,caught,7
2020,PP Chawla,bowled_lbw,1
2020,PP Chawla,caught,5
2020,R Ashwin,bowled_lbw,3
2020,R Ashwin,caught,10
2020,R Tewatia,bowled_lbw,1
2020,R Tewatia,caught,9
2020,RA Jadeja,bowled_lbw,2
2020,RA Jadeja,caught,4
2020,RD Chahar,bowled_lbw,3
2020,RD Chahar,caught,12
2020,Rashid Khan,bowled_lbw,9
2020,Rashid Khan,caught,11
2020,Ravi Bishnoi,bowled_lbw,5
2020,Ravi Bishnoi,caught,7
2020,S Dube,bowled_lbw,1
2020,S Dube,caught,3
2020,S Gopal,bowled_lbw,2
2020,S Gopal,caught,8
2020,S Kaul,bowled_lbw,1
2020,S Kaul,caught,1
2020,S Nadeem,caught,5
2020,SM Curran,bowled_lbw,1
2020,SM Curran,caught,12
2020,SN Thakur,caught,9
2020,SN Thakur,other,1
2020,SP Narine,bowled_lbw,2
2020,SP Narine,caught,3
2020,SS Cottrell,bowled_lbw,1
2020,SS Cottrell,caught,5
2020,Sandeep Sharma,bowled_lbw,5
2020,Sandeep Sharma,caught,9
2020,Shahbaz Ahmed,caught,2
2020,Shivam Mavi,caught,9
2020,T Natarajan,bowled_lbw,6
2020,T Natarajan,caught,10
2020,TA Boult,bowled_lbw,4
2020,TA Boult,caught,21
2020,TK Curran,caught,3
2020,TU Deshpande,caught,3
2020,V Shankar,bowled_lbw,1
2020,V Shankar,caught,3
2020,Washington Sundar,bowled_lbw,2
2020,Washington Sundar,caught,6
2020,YS Chahal,bowled_lbw,7
2020,YS Chahal,caught,14
2021,A Mishra,bowled_lbw,2
2021,A Mishra,caught,4
2021,A Nortje,bowled_lbw,4
2021,A Nortje,caught,8
2021,AD Russell,bowled_lbw,1
2021,AD Russell,caught,10
2021,AF Milne,caught,3
2021,AR Patel,bowled_lbw,5
2021,AR Patel,caught,10
2021,Abdul Samad,caught,1
2021,Abhishek Sharma,bowled_lbw,1
2021,Abhishek Sharma,caught,3
2021,Arshdeep Singh,bowled_lbw,3
2021,Arshdeep Singh,caught,15
2021,Avesh Khan,bowled_lbw,8
2021,Avesh Khan,caught,16
2021,B Kumar,bowled_lbw,1
2021,B Kumar,caught,5
2021,C Sakariya,bowled_lbw,1
2021,C Sakariya,caught,13
2021,CH Morris,bowled_lbw,2
2021,CH Morris,caught,13
2021,CJ Jordan,caught,4
2021,CR Woakes,bowled_lbw,1
2021,CR Woakes,caught,4
2021,CV Varun,bowled_lbw,8
2021,CV Varun,caught,10
2021,DJ Bravo,bowled_lbw,1
2021,DJ Bravo,caught,13
2021,DJ Hooda,caught,2
2021,DL Chahar,bowled_lbw,4
2021,DL Chahar,caught,10
2021,DR Sams,caught,1
2021,DT Christian,caught,4
2021,FA Allen,caught,1
2021,GD Phillips,caught,1
2021,GHS Garton,caught,3
2021,GJ Maxwell,bowled_lbw,1
2021,GJ Maxwell,caught,2
2021,HV Patel,bowled_lbw,8
2021,HV Patel,caught,24
2021,Harpreet Brar,bowled_lbw,3
2021,Harpreet Brar,caught,2
2021,I Sharma,bowled_lbw,1
2021,IC Porel,caught,1
2021,Imran Tahir,bowled_lbw,1
2021,Imran Tahir,caught,1
2021,J Yadav,caught,2
2021,JA Richardson,bowled_lbw,2
2021,JA Richardson,caught,1
2021,JD Unadkat,caught,4
2021,JDS Neesham,bowled_lbw,1
2021,JDS Neesham,caught,4
2021,JJ Bumrah,bowled_lbw,5
2021,JJ Bumrah,caught,16
2021,JO Holder,bowled_lbw,1
2021,JO Holder,caught,15
2021,JR Hazlewood,bowled_lbw,1
2021,JR Hazlewood,caught,10
2021,K Rabada,bowled_lbw,2
2021,K Rabada,caught,13
2021,KA Jamieson,bowled_lbw,1
2021,KA Jamieson,caught,8
2021,KA Pollard,bowled_lbw,1
2021,KA Pollard,caught,4
2021,KH Pandya,bowled_lbw,2
2021,KH Pandya,caught,2
2021,KH Pandya,other,1
2021,KK Ahmed,caught,5
2021,KM Asif,caught,1
2021,KW Richardson,caught,1
2021,Kartik Tyagi,bowled_lbw,1
2021,Kartik Tyagi,caught,3
2021,L Ngidi,bowled_lbw,1
2021,L Ngidi,caught,4
2021,LH Ferguson,bowled_lbw,4
2021,LH Ferguson,caught,9
2021,LI Meriwala,caught,1
2021,Lalit Yadav,bowled_lbw,3
2021,Lalit Yadav,caught,1
2021,M Ashwin,caught,1
2021,M Jansen,caught,2
2021,M Prasidh Krishna,bowled_lbw,2
2021,M Prasidh Krishna,caught,10
2021,MC Henriques,bowled_lbw,1
2021,MC Henriques,caught,3
2021,MK Lomror,caught,1
2021,MM Ali,bowled_lbw,2
2021,MM Ali,caught,4
2021,MP Stoinis,caught,2
2021,Mohammad Nabi,caught,2
2021,Mohammed Shami,bowled_lbw,7
2021,Mohammed Shami,caught,12
2021,Mohammed Siraj,bowled_lbw,3
2021,Mohammed Siraj,caught,8
2021,Mujeeb Ur Rahman,caught,2
2021,Mustafizur Rahman,bowled_lbw,5
2021,Mustafizur Rahman,caught,9
2021,NM Coulter-Nile,bowled_lbw,4
2021,NM Coulter-Nile,caught,3
2021,NT Ellis,caught,1
2021,PJ Cummins,bowled_lbw,2
2021,PJ Cummins,caught,7
2021,PP Chawla,caught,1
2021,R Ashwin,bowled_lbw,1
2021,R Ashwin,caught,6
2021,R Parag,caught,1
2021,R Tewatia,bowled_lbw,1
2021,R Tewatia,caught,6
2021,RA Jadeja,bowled_lbw,6
2021,RA Jadeja,caught,7
2021,RD Chahar,bowled_lbw,1
2021,RD Chahar,caught,12
2021,RP Meredith,bowled_lbw,1
2021,RP Meredith,caught,3
2021,Rashid Khan,bowled_lbw,8
2021,Rashid Khan,caught,10
2021,Ravi Bishnoi,bowled_lbw,5
2021,Ravi Bishnoi,caught,7
2021,S Kaul,caught,7
2021,S Nadeem,caught,1
2021,SM Curran,bowled_lbw,2
2021,SM Curran,caught,7
2021,SN Thakur,bowled_lbw,4
2021,SN Thakur,caught,17
2021,SP Narine,bowled_lbw,8
2021,SP Narine,caught,8
2021,Sandeep Sharma,bowled_lbw,2
2021,Sandeep Sharma,caught,1
2021,Shahbaz Ahmed,caught,7
2021,Shakib Al Hasan,bowled_lbw,2
2021,Shakib Al Hasan,caught,2
2021,Shivam Mavi,bowled_lbw,4
2021,Shivam Mavi,caught,7
2021,T Natarajan,caught,2
2021,TA Boult,bowled_lbw,8
2021,TA Boult,caught,5
2021,TG Southee,bowled_lbw,1
2021,TG Southee,caught,2
2021,TK Curran,caught,4
2021,Umran Malik,caught,2
2021,V Shankar,caught,3
2021,VR Iyer,caught,3
2021,Washington Sundar,caught,3
2021,YS Chahal,bowled_lbw,6
2021,YS Chahal,caught,12
2022,A Badoni,caught,2
2022,A Nortje,caught,9
2022,AD Russell,bowled_lbw,2
2022,AD Russell,caught,15
2022,AJ Tye,bowled_lbw,1
2022,AJ Tye,caught,1
2022,AK Markram,caught,1
2022,AR Patel,bowled_lbw,3
2022,AR Patel,caught,3
2022,AS Joseph,bowled_lbw,2
2022,AS Joseph,caught,5
2022,AS Roy,caught,1
2022,Akash Deep,bowled_lbw,1
2022,Akash Deep,caught,4
2022,Arshdeep Singh,bowled_lbw,3
2022,Arshdeep Singh,caught,7
2022,Avesh Khan,bowled_lbw,4
2022,Avesh Khan,caught,14
2022,B Kumar,caught,12
2022,Basil Thampi,bowled_lbw,1
2022,Basil Thampi,caught,4
2022,C Sakariya,bowled_lbw,1
2022,C Sakariya,caught,2
2022,CJ Jordan,caught,2
2022,CV Varun,bowled_lbw,1
2022,CV Varun,caught,4
2022,D Brevis,bowled_lbw,1
2022,D Pretorius,bowled_lbw,1
2022,D Pretorius,caught,5
2022,DG Nalkande,caught,2
2022,DJ Bravo,bowled_lbw,2
2022,DJ Bravo,caught,14
2022,DJ Hooda,bowled_lbw,1
2022,DJ Willey,bowled_lbw,1
2022,DR Sams,bowled_lbw,1
2022,DR Sams,caught,12
2022,FA Allen,bowled_lbw,1
2022,Fazalhaq Farooqi,bowled_lbw,2
2022,GJ Maxwell,bowled_lbw,4
2022,GJ Maxwell,caught,2
2022,HH Pandya,bowled_lbw,1
2022,HH Pandya,caught,7
2022,HR Shokeen,caught,2
2022,HV Patel,caught,19
2022,Harpreet Brar,caught,4
2022,Harshit Rana,caught,1
2022,J Suchith,bowled_lbw,2
2022,J Suchith,caught,5
2022,JD Unadkat,bowled_lbw,2
2022,JD Unadkat,caught,4
2022,JJ Bumrah,bowled_lbw,5
2022,JJ Bumrah,caught,10
2022,JO Holder,bowled_lbw,2
2022,JO Holder,caught,12
2022,JR Hazlewood,bowled_lbw,2
2022,JR Hazlewood,caught,18
2022,K Gowtham,bowled_lbw,1
2022,K Gowtham,caught,4
2022,K Kartikeya,bowled_lbw,2
2022,K Kartikeya,caught,3
2022,K Rabada,bowled_lbw,1
2022,K Rabada,caught,22
2022,KA Pollard,caught,3
2022,KA Pollard,other,1
2022,KH Pandya,bowled_lbw,1
2022,KH Pandya,caught,9
2022,KK Ahmed,bowled_lbw,1
2022,KK Ahmed,caught,15
2022,KR Sen,bowled_lbw,2
2022,KR Sen,caught,6
2022,Kartik Tyagi,caught,1
2022,Kuldeep Yadav,bowled_lbw,7
2022,Kuldeep Yadav,caught,14
2022,LH Ferguson,bowled_lbw,2
2022,LH Ferguson,caught,10
2022,LS Livingstone,caught,6
2022,Lalit Yadav,caught,4
2022,M Ashwin,bowled_lbw,2
2022,M Ashwin,caught,7
2022,M Jansen,bowled_lbw,2
2022,M Jansen,caught,5
2022,M Markande,caught,1
2022,M Pathirana,bowled_lbw,1
2022,M Pathirana,caught,1
2022,M Prasidh Krishna,bowled_lbw,3
2022,M Prasidh Krishna,caught,16
2022,M Theekshana,bowled_lbw,5
2022,M Theekshana,caught,7
2022,MJ Santner,caught,4
2022,MM Ali,bowled_lbw,4
2022,MM Ali,caught,4
2022,MP Stoinis,bowled_lbw,2
2022,MP Stoinis,caught,2
2022,MR Marsh,caught,4
2022,Mohammed Shami,bowled_lbw,9
2022,Mohammed Shami,caught,11
2022,Mohammed Siraj,bowled_lbw,2
2022,Mohammed Siraj,caught,7
2022,Mohsin Khan,bowled_lbw,1
2022,Mohsin Khan,caught,13
2022,Mukesh Choudhary,bowled_lbw,5
2022,Mukesh Choudhary,caught,11
2022,Mustafizur Rahman,bowled_lbw,2
2022,Mustafizur Rahman,caught,6
2022,NT Ellis,caught,3
2022,Navdeep Saini,caught,3
2022,OC McCoy,bowled_lbw,3
2022,OC McCoy,caught,8
2022,OF Smith,caught,6
2022,PH Solanki,caught,2
2022,PJ Cummins,bowled_lbw,1
2022,PJ Cummins,caught,6
2022,PJ Sangwan,caught,3
2022,PVD Chameera,bowled_lbw,1
2022,PVD Chameera,caught,8
2022,PWH de Silva,bowled_lbw,8
2022,PWH de Silva,caught,18
2022,R Ashwin,bowled_lbw,4
2022,R Ashwin,caught,8
2022,R Dhawan,bowled_lbw,1
2022,R Dhawan,caught,5
2022,R Parag,caught,1
2022,R Sai Kishore,caught,6
2022,R Shepherd,caught,3
2022,RA Jadeja,bowled_lbw,1
2022,RA Jadeja,caught,4
2022,RD Chahar,bowled_lbw,2
2022,RD Chahar,caught,12
2022,RP Meredith,caught,8
2022,Ramandeep Singh,caught,6
2022,Rashid Khan,bowled_lbw,7
2022,Rashid Khan,caught,12
2022,Ravi Bishnoi,bowled_lbw,5
2022,Ravi Bishnoi,caught,8
2022,S Gopal,bowled_lbw,1
2022,SA Abbott,caught,1
2022,SN Thakur,bowled_lbw,2
2022,SN Thakur,caught,13
2022,SP Narine,bowled_lbw,4
2022,SP Narine,caught,5
2022,Sandeep Sharma,caught,2
2022,Shahbaz Ahmed,bowled_lbw,1
2022,Shahbaz Ahmed,caught,3
2022,Shivam Mavi,caught,5
2022,Simarjeet Singh,caught,4
2022,T Natarajan,bowled_lbw,9
2022,T Natarajan,caught,9
2022,TA Boult,bowled_lbw,5
2022,TA Boult,caught,11
2022,TG Southee,caught,14
2022,TS Mills,caught,6
2022,TU Deshpande,caught,1
2022,UT Yadav,bowled_lbw,3
2022,UT Yadav,caught,13
2022,Umran Malik,bowled_lbw,9
2022,Umran Malik,caught,13
2022,VG Arora,bowled_lbw,1
2022,VG Arora,caught,2
2022,VR Aaron,caught,2
2022,Washington Sundar,bowled_lbw,1
2022,Washington Sundar,caught,5
2022,YS Chahal,bowled_lbw,9
2022,YS Chahal,caught,18
2022,Yash Dayal,caught,11
2023,A Mishra,caught,7
2023,A Nortje,bowled_lbw,4
2023,A Nortje,caught,6
2023,A Zampa,bowled_lbw,2
2023,A Zampa,caught,6
2023,AD Russell,caught,7
2023,AJ Hosein,caught,1
2023,AK Markram,caught,1
2023,AR Patel,bowled_lbw,5
2023,AR Patel,caught,6
2023,AS Joseph,bowled_lbw,1
2023,AS Joseph,caught,6
2023,AS Roy,bowled_lbw,1
2023,AS Roy,caught,2
2023,AU Rashid,bowled_lbw,2
2023,Abhishek Sharma,caught,2
2023,Akash Deep,caught,1
2023,Akash Madhwal,bowled_lbw,8
2023,Akash Madhwal,caught,6
2023,Akash Singh,bowled_lbw,2
2023,Akash Singh,caught,3
2023,Arjun Tendulkar,bowled_lbw,1
2023,Arjun Tendulkar,caught,2
2023,Arshad Khan,caught,5
2023,Arshdeep Singh,bowled_lbw,4
2023,Arshdeep Singh,caught,13
2023,Avesh Khan,caught,8
2023,B Kumar,bowled_lbw,4
2023,B Kumar,caught,12
2023,C Green,bowled_lbw,1
2023,C Green,caught,5
2023,C Sakariya,caught,3
2023,CJ Jordan,caught,3
2023,CV Varun,bowled_lbw,9
2023,CV Varun,caught,11
2023,D Jansen,caught,1
2023,DG Nalkande,caught,1
2023,DJ Willey,bowled_lbw,2
2023,DJ Willey,caught,1
2023,DL Chahar,bowled_lbw,1
2023,DL Chahar,caught,12
2023,Fazalhaq Farooqi,bowled_lbw,1
2023,Fazalhaq Farooqi,caught,3
2023,GD Phillips,caught,1
2023,GJ Maxwell,caught,3
2023,HH Pandya,caught,3
2023,HR Shokeen,caught,3
2023,HV Patel,bowled_lbw,3
2023,HV Patel,caught,11
2023,Harpreet Brar,bowled_lbw,3
2023,Harpreet Brar,caught,6
2023,Harshit Rana,bowled_lbw,1
2023,Harshit Rana,caught,4
2023,I Sharma,bowled_lbw,2
2023,I Sharma,caught,8
2023,J Little,bowled_lbw,3
2023,J Little,caught,4
2023,JC Archer,caught,2
2023,JO Holder,caught,4
2023,JP Behrendorff,bowled_lbw,2
2023,JP Behrendorff,caught,12
2023,JR Hazlewood,caught,3
2023,K Gowtham,caught,3
2023,K Kartikeya,bowled_lbw,4
2023,K Kartikeya,caught,1
2023,K Khejroliya,caught,2
2023,K Rabada,bowled_lbw,1
2023,K Rabada,caught,6
2023,K Yadav,caught,2
2023,KH Pandya,bowled_lbw,4
2023,KH Pandya,caught,5
2023,KK Ahmed,caught,9
2023,KM Asif,caught,3
2023,KV Sharma,bowled_lbw,3
2023,KV Sharma,caught,7
2023,Kartik Tyagi,caught,1
2023,Kuldeep Yadav,bowled_lbw,2
2023,Kuldeep Yadav,caught,8
2023,LH Ferguson,caught,1
2023,LS Livingstone,caught,2
2023,Lalit Yadav,caught,2
2023,M Jansen,bowled_lbw,1
2023,M Jansen,caught,9
2023,M Markande,bowled_lbw,5
2023,M Markande,caught,7
2023,M Pathirana,bowled_lbw,5
2023,M Pathirana,caught,14
2023,M Theekshana,bowled_lbw,5
2023,M Theekshana,caught,6
2023,MA Wood,bowled_lbw,3
2023,MA Wood,caught,8
2023,MG Bracewell,caught,6
2023,MJ Santner,bowled_lbw,1
2023,MJ Santner,caught,2
2023,MM Ali,bowled_lbw,3
2023,MM Ali,caught,6
2023,MM Sharma,bowled_lbw,1
2023,MM Sharma,caught,26
2023,MP Stoinis,caught,5
2023,MR Marsh,bowled_lbw,1
2023,MR Marsh,caught,11
2023,Mayank Dagar,caught,1
2023,Mohammed Shami,bowled_lbw,6
2023,Mohammed Shami,caught,22
2023,Mohammed Siraj,bowled_lbw,8
2023,Mohammed Siraj,caught,11
2023,Mohsin Khan,caught,3
2023,Mukesh Kumar,bowled_lbw,1
2023,Mukesh Kumar,caught,6
2023,Mustafizur Rahman,caught,1
2023,N Rana,bowled_lbw,1
2023,N Rana,caught,2
2023,NT Ellis,bowled_lbw,4
2023,NT Ellis,caught,9
2023,Navdeep Saini,bowled_lbw,1
2023,Navdeep Saini,caught,2
2023,Naveen-ul-Haq,bowled_lbw,4
2023,Naveen-ul-Haq,caught,7
2023,Noor Ahmad,bowled_lbw,4
2023,Noor Ahmad,caught,11
2023,P Dubey,caught,1
2023,PP Chawla,bowled_lbw,7
2023,PP Chawla,caught,13
2023,PWH de Silva,bowled_lbw,4
2023,PWH de Silva,caught,5
2023,R Ashwin,bowled_lbw,4
2023,R Ashwin,caught,10
2023,R Dhawan,caught,1
2023,R Powell,bowled_lbw,1
2023,RA Jadeja,bowled_lbw,6
2023,RA Jadeja,caught,14
2023,RD Chahar,bowled_lbw,2
2023,RD Chahar,caught,6
2023,RJW Topley,bowled_lbw,1
2023,RP Meredith,bowled_lbw,1
2023,RP Meredith,caught,6
2023,RS Hangargekar,caught,3
2023,Rashid Khan,bowled_lbw,14
2023,Rashid Khan,caught,13
2023,Ravi Bishnoi,bowled_lbw,4
2023,Ravi Bishnoi,caught,12
2023,SM Curran,bowled_lbw,1
2023,SM Curran,caught,9
2023,SN Thakur,bowled_lbw,1
2023,SN Thakur,caught,6
2023,SP Narine,bowled_lbw,3
2023,SP Narine,caught,8
2023,SSB Magala,caught,1
2023,Sandeep Sharma,bowled_lbw,3
2023,Sandeep Sharma,caught,7
2023,Shahbaz Ahmed,bowled_lbw,1
2023,Sikandar Raza,bowled_lbw,1
2023,Sikandar Raza,caught,2
2023,Suyash Sharma,bowled_lbw,4
2023,Suyash Sharma,caught,6
2023,T Natarajan,bowled_lbw,2
2023,T Natarajan,caught,8
2023,T Stubbs,caught,1
2023,TA Boult,bowled_lbw,5
2023,TA Boult,caught,8
2023,TG Southee,caught,2
2023,TU Deshpande,bowled_lbw,3
2023,TU Deshpande,caught,18
2023,UT Yadav,caught,1
2023,Umran Malik,bowled_lbw,2
2023,Umran Malik,caught,3
2023,VG Arora,caught,5
2023,Vijaykumar Vyshak,bowled_lbw,1
2023,Vijaykumar Vyshak,caught,8
2023,WD Parnell,bowled_lbw,2
2023,WD Parnell,caught,6
2023,WD Parnell,other,1
2023,Washington Sundar,caught,3
2023,YS Chahal,bowled_lbw,5
2023,YS Chahal,caught,16
2023,Yash Dayal,caught,2
2023,Yash Thakur,bowled_lbw,1
2023,Yash Thakur,caught,12
2023,Yudhvir Singh,bowled_lbw,1
2023,Yudhvir Singh,caught,2
2024,A Kamboj,bowled_lbw,2
2024,A Mishra,caught,1
2024,A Nortje,bowled_lbw,1
2024,A Nortje,caught,6
2024,AD Russell,bowled_lbw,1
2024,AD Russell,caught,18
2024,AR Patel,bowled_lbw,5
2024,AR Patel,caught,6
2024,AS Joseph,caught,1
2024,Abhishek Sharma,bowled_lbw,1
2024,Abhishek Sharma,caught,1
2024,Akash Deep,caught,1
2024,Akash Madhwal,bowled_lbw,2
2024,Akash Madhwal,caught,3
2024,Arshad Khan,caught,1
2024,Arshdeep Singh,bowled_lbw,2
2024,Arshdeep Singh,caught,17
2024,Avesh Khan,bowled_lbw,5
2024,Avesh Khan,caught,14
2024,Azmatullah Omarzai,bowled_lbw,1
2024,Azmatullah Omarzai,caught,3
2024,B Kumar,bowled_lbw,2
2024,B Kumar,caught,9
2024,C Green,caught,10
2024,CV Varun,bowled_lbw,3
2024,CV Varun,caught,18
2024,DG Nalkande,caught,3
2024,DJ Mitchell,caught,1
2024,DL Chahar,bowled_lbw,2
2024,DL Chahar,caught,3
2024,G Coetzee,bowled_lbw,1
2024,G Coetzee,caught,12
2024,GJ Maxwell,caught,6
2024,HH Pandya,bowled_lbw,2
2024,HH Pandya,caught,9
2024,HV Patel,bowled_lbw,6
2024,HV Patel,caught,18
2024,Harpreet Brar,bowled_lbw,4
2024,Harpreet Brar,caught,3
2024,Harshit Rana,bowled_lbw,3
2024,Harshit Rana,caught,16
2024,I Sharma,bowled_lbw,3
2024,I Sharma,caught,7
2024,J Little,caught,4
2024,JD Unadkat,caught,8
2024,JJ Bumrah,bowled_lbw,7
2024,JJ Bumrah,caught,13
2024,K Rabada,bowled_lbw,3
2024,K Rabada,caught,8
2024,KA Maharaj,caught,2
2024,KH Pandya,bowled_lbw,1
2024,KH Pandya,caught,5
2024,KK Ahmed,bowled_lbw,3
2024,KK Ahmed,caught,14
2024,KR Sen,bowled_lbw,3
2024,KR Sen,caught,3
2024,KT Maphaka,caught,1
2024,KV Sharma,bowled_lbw,2
2024,KV Sharma,caught,4
2024,Kuldeep Yadav,bowled_lbw,3
2024,Kuldeep Yadav,caught,13
2024,L Wood,caught,1
2024,LB Williams,caught,1
2024,LH Ferguson,bowled_lbw,2
2024,LH Ferguson,caught,7
2024,LS Livingstone,bowled_lbw,2
2024,LS Livingstone,caught,1
2024,M Jansen,caught,1
2024,M Markande,bowled_lbw,2
2024,M Markande,caught,5
2024,M Pathirana,bowled_lbw,5
2024,M Pathirana,caught,8
2024,M Siddharth,caught,1
2024,M Theekshana,bowled_lbw,1
2024,M Theekshana,caught,1
2024,MA Starc,bowled_lbw,7
2024,MA Starc,caught,10
2024,MJ Henry,caught,1
2024,MJ Santner,caught,2
2024,MM Ali,bowled_lbw,2
2024,MM Sharma,caught,13
2024,MP Stoinis,caught,4
2024,MP Yadav,bowled_lbw,2
2024,MP Yadav,caught,5
2024,MR Marsh,caught,1
2024,Mayank Dagar,bowled_lbw,1
2024,Mohammad Nabi,caught,2
2024,Mohammed Siraj,bowled_lbw,4
2024,Mohammed Siraj,caught,11
2024,Mohsin Khan,bowled_lbw,2
2024,Mohsin Khan,caught,8
2024,Mukesh Kumar,bowled_lbw,5
2024,Mukesh Kumar,caught,12
2024,Mustafizur Rahman,bowled_lbw,1
2024,Mustafizur Rahman,caught,13
2024,N Burger,bowled_lbw,2
2024,N Burger,caught,5
2024,N Thushara,bowled_lbw,2
2024,N Thushara,caught,6
2024,NT Ellis,caught,1
2024,Naveen-ul-Haq,bowled_lbw,1
2024,Naveen-ul-Haq,caught,13
2024,Nithish Kumar Reddy,caught,3
2024,Noor Ahmad,bowled_lbw,3
2024,Noor Ahmad,caught,5
2024,PJ Cummins,bowled_lbw,3
2024,PJ Cummins,caught,15
2024,PP Chawla,bowled_lbw,4
2024,PP Chawla,caught,9
2024,R Ashwin,caught,9
2024,R Sai Kishore,bowled_lbw,2
2024,R Sai Kishore,caught,5
2024,R Shepherd,caught,1
2024,RA Jadeja,bowled_lbw,1
2024,RA Jadeja,caught,7
2024,RD Chahar,bowled_lbw,3
2024,RD Chahar,caught,7
2024,RJ Gleeson,caught,1
2024,RJW Topley,caught,4
2024,Rashid Khan,bowled_lbw,3
2024,Rashid Khan,caught,7
2024,Rasikh Salam,bowled_lbw,2
2024,Rasikh Salam,caught,7
2024,Ravi Bishnoi,caught,10
2024,S Dube,caught,1
2024,S Gopal,bowled_lbw,1
2024,S Gopal,caught,2
2024,S Sandeep Warrier,bowled_lbw,1
2024,S Sandeep Warrier,caught,5
2024,SH Johnson,caught,4
2024,SM Curran,bowled_lbw,4
2024,SM Curran,caught,12
2024,SN Thakur,bowled_lbw,2
2024,SN Thakur,caught,3
2024,SP Narine,bowled_lbw,7
2024,SP Narine,caught,10
2024,Sandeep Sharma,bowled_lbw,3
2024,Sandeep Sharma,caught,10
2024,Shahbaz Ahmed,bowled_lbw,1
2024,Shahbaz Ahmed,caught,6
2024,Shashank Singh,caught,1
2024,Simarjeet Singh,caught,5
2024,Swapnil Singh,bowled_lbw,2
2024,Swapnil Singh,caught,4
2024,T Natarajan,bowled_lbw,4
2024,T Natarajan,caught,15
2024,T Stubbs,caught,2
2024,TA Boult,bowled_lbw,4
2024,TA Boult,caught,12
2024,TU Deshpande,bowled_lbw,3
2024,TU Deshpande,caught,14
2024,UT Yadav,bowled_lbw,1
2024,UT Yadav,caught,7
2024,V Kaverappa,caught,2
2024,V Viyaskanth,caught,1
2024,VG Arora,bowled_lbw,2
2024,VG Arora,caught,9
2024,Vijaykumar Vyshak,caught,4
2024,WG Jacks,caught,2
2024,Washington Sundar,caught,1
2024,YS Chahal,bowled_lbw,3
2024,YS Chahal,caught,14
2024,Yash Dayal,bowled_lbw,2
2024,Yash Dayal,caught,13
2024,Yash Thakur,bowled_lbw,3
2024,Yash Thakur,caught,8
2024,Yudhvir Singh,caught,1
2025,A Badoni,bowled_lbw,2
2025,A Kamboj,bowled_lbw,4
2025,A Kamboj,caught,4
2025,A Nortje,caught,1
2025,A Zampa,caught,2
2025,AD Russell,bowled_lbw,1
2025,AD Russell,caught,7
2025,AK Markram,bowled_lbw,2
2025,AK Markram,caught,2
2025,AR Patel,bowled_lbw,3
2025,AR Patel,caught,2
2025,AS Roy,caught,1
2025,Akash Deep,bowled_lbw,1
2025,Akash Deep,caught,2
2025,Akash Madhwal,bowled_lbw,1
2025,Akash Madhwal,caught,3
2025,Akash Singh,bowled_lbw,1
2025,Akash Singh,caught,3
2025,Arshad Khan,caught,6
2025,Arshdeep Singh,bowled_lbw,5
2025,Arshdeep Singh,caught,16
2025,Ashwani Kumar,bowled_lbw,3
2025,Ashwani Kumar,caught,8
2025,Avesh Khan,bowled_lbw,2
2025,Avesh Khan,caught,11
2025,Azmatullah Omarzai,bowled_lbw,1
2025,Azmatullah Omarzai,caught,7
2025,B Kumar,bowled_lbw,2
2025,B Kumar,caught,15
2025,C Bosch,bowled_lbw,1
2025,CV Varun,bowled_lbw,7
2025,CV Varun,caught,10
2025,DL Chahar,caught,11
2025,DS Rathi,bowled_lbw,2
2025,DS Rathi,caught,12
2025,E Malinga,bowled_lbw,2
2025,E Malinga,caught,11
2025,G Coetzee,caught,2
2025,GJ Maxwell,bowled_lbw,1
2025,GJ Maxwell,caught,3
2025,HH Pandya,caught,14
2025,HV Patel,bowled_lbw,3
2025,HV Patel,caught,13
2025,Harpreet Brar,bowled_lbw,3
2025,Harpreet Brar,caught,7
2025,Harsh Dubey,bowled_lbw,2
2025,Harsh Dubey,caught,3
2025,Harshit Rana,bowled_lbw,3
2025,Harshit Rana,caught,12
2025,I Sharma,bowled_lbw,1
2025,I Sharma,caught,3
2025,JC Archer,bowled_lbw,4
2025,JC Archer,caught,7
2025,JD Unadkat,bowled_lbw,1
2025,JD Unadkat,caught,10
2025,JJ Bumrah,bowled_lbw,9
2025,JJ Bumrah,caught,9
2025,JR Hazlewood,bowled_lbw,3
2025,JR Hazlewood,caught,19
2025,K Kartikeya,caught,2
2025,K Khejroliya,caught,1
2025,K Rabada,caught,2
2025,KA Jamieson,bowled_lbw,2
2025,KA Jamieson,caught,3
2025,KH Pandya,bowled_lbw,2
2025,KH Pandya,caught,15
2025,KK Ahmed,bowled_lbw,2
2025,KK Ahmed,caught,13
2025,KT Maphaka,caught,1
2025,KV Sharma,caught,7
2025,Kuldeep Yadav,bowled_lbw,2
2025,Kuldeep Yadav,caught,13
2025,L Ngidi,bowled_lbw,1
2025,L Ngidi,caught,3
2025,LH Ferguson,bowled_lbw,3
2025,LH Ferguson,caught,2
2025,LS Livingstone,caught,2
2025,M Jansen,bowled_lbw,5
2025,M Jansen,caught,11
2025,M Pathirana,bowled_lbw,3
2025,M Pathirana,caught,10
2025,M Prasidh Krishna,bowled_lbw,3
2025,M Prasidh Krishna,caught,22
2025,M Shahrukh Khan,caught,1
2025,M Siddharth,bowled_lbw,1
2025,M Siddharth,caught,1
2025,M Theekshana,bowled_lbw,2
2025,M Theekshana,caught,9
2025,MA Starc,bowled_lbw,5
2025,MA Starc,caught,9
2025,MJ Santner,bowled_lbw,3
2025,MJ Santner,caught,5
2025,MJ Santner,other,1
2025,MM Ali,bowled_lbw,3
2025,MM Ali,caught,3
2025,MM Sharma,caught,2
2025,MP Stoinis,caught,1
2025,MP Yadav,bowled_lbw,1
2025,MP Yadav,caught,1
2025,Mohammed Shami,caught,6
2025,Mohammed Siraj,bowled_lbw,7
2025,Mohammed Siraj,caught,9
2025,Mujeeb Ur Rahman,caught,1
2025,Mukesh Choudhary,bowled_lbw,1
2025,Mukesh Kumar,bowled_lbw,3
2025,Mukesh Kumar,caught,9
2025,Musheer Khan,caught,1
2025,Mustafizur Rahman,caught,4
2025,N Thushara,bowled_lbw,1
2025,NT Ellis,bowled_lbw,1
2025,Nithish Kumar Reddy,bowled_lbw,1
2025,Nithish Kumar Reddy,caught,1
2025,Noor Ahmad,bowled_lbw,7
2025,Noor Ahmad,caught,17
2025,P Dubey,caught,1
2025,PHKD Mendis,bowled_lbw,1
2025,PHKD Mendis,caught,1
2025,PJ Cummins,bowled_lbw,2
2025,PJ Cummins,caught,13
2025,PJ Cummins,other,1
2025,PVD Chameera,caught,4
2025,PVSN Raju,caught,1
2025,PWH de Silva,bowled_lbw,1
2025,PWH de Silva,caught,10
2025,Prince Yadav,bowled_lbw,3
2025,R Ashwin,caught,6
2025,R Parag,caught,3
2025,R Sai Kishore,bowled_lbw,2
2025,R Sai Kishore,caught,17
2025,R Shepherd,bowled_lbw,1
2025,R Shepherd,caught,5
2025,RA Jadeja,bowled_lbw,1
2025,RA Jadeja,caught,9
2025,RJ Gleeson,bowled_lbw,1
2025,Rashid Khan,bowled_lbw,3
2025,Rashid Khan,caught,6
2025,Rasikh Salam,caught,1
2025,Ravi Bishnoi,bowled_lbw,2
2025,Ravi Bishnoi,caught,7
2025,SH Johnson,bowled_lbw,1
2025,SM Curran,caught,1
2025,SN Thakur,bowled_lbw,1
2025,SN Thakur,caught,12
2025,SP Narine,bowled_lbw,4
2025,SP Narine,caught,8
2025,Sandeep Sharma,bowled_lbw,1
2025,Sandeep Sharma,caught,8
2025,Shahbaz Ahmed,caught,1
2025,Simarjeet Singh,caught,2
2025,Suyash Sharma,bowled_lbw,6
2025,Suyash Sharma,caught,2
2025,T Natarajan,caught,1
2025,TA Boult,bowled_lbw,8
2025,TA Boult,caught,13
2025,TA Boult,other,1
2025,TU Deshpande,caught,9
2025,V Nigam,bowled_lbw,3
2025,V Nigam,caught,7
2025,V Puthur,caught,6
2025,VG Arora,bowled_lbw,3
2025,VG Arora,caught,14
2025,Vijaykumar Vyshak,bowled_lbw,1
2025,Vijaykumar Vyshak,caught,3
2025,W O'Rourke,bowled_lbw,1
2025,W O'Rourke,caught,5
2025,WG Jacks,bowled_lbw,1
2025,WG Jacks,caught,5
2025,Washington Sundar,bowled_lbw,1
2025,XC Bartlett,caught,2
2025,YS Chahal,bowled_lbw,2
2025,YS Chahal,caught,14
2025,Yash Dayal,bowled_lbw,5
2025,Yash Dayal,caught,8
2025,Yash Thakur,caught,1
2025,Yudhvir Singh,bowled_lbw,1
2025,Yudhvir Singh,caught,3
2025,Zeeshan Ansari,bowled_lbw,1
2025,Zeeshan Ansari,caught,5
2026,A Kamboj,bowled_lbw,2
2026,A Kamboj,caught,12
2026,AJ Hosein,bowled_lbw,2
2026,AJ Hosein,caught,4
2026,AM Ghazanfar,bowled_lbw,3
2026,AM Ghazanfar,caught,5
2026,AR Patel,bowled_lbw,1
2026,AR Patel,caught,6
2026,AS Roy,bowled_lbw,1
2026,AS Roy,caught,4
2026,Abhinandan Singh,caught,3
2026,Arshad Khan,bowled_lbw,1
2026,Arshad Khan,caught,1
2026,Arshdeep Singh,bowled_lbw,1
2026,Arshdeep Singh,caught,7
2026,Ashok Sharma,caught,6
2026,Ashwani Kumar,caught,6
2026,Avesh Khan,bowled_lbw,2
2026,Avesh Khan,caught,3
2026,B Kumar,bowled_lbw,3
2026,B Kumar,caught,11
2026,B Muzarabani,caught,4
2026,Brijesh Sharma,bowled_lbw,4
2026,Brijesh Sharma,caught,3
2026,C Bosch,caught,1
2026,C Green,caught,2
2026,CV Varun,bowled_lbw,1
2026,CV Varun,caught,6
2026,D Ferreira,caught,1
2026,D Madushanka,caught,1
2026,DA Payne,caught,2
2026,DL Chahar,caught,1
2026,DS Rathi,caught,3
2026,E Malinga,bowled_lbw,1
2026,E Malinga,caught,13
2026,GF Linde,caught,1
2026,Gurjapneet Singh,caught,3
2026,HH Pandya,bowled_lbw,1
2026,HH Pandya,caught,2
2026,Harsh Dubey,bowled_lbw,1
2026,Harsh Dubey,caught,7
2026,J Overton,bowled_lbw,2
2026,J Overton,caught,7
2026,JA Duffy,caught,6
2026,JC Archer,bowled_lbw,3
2026,JC Archer,caught,11
2026,JD Unadkat,bowled_lbw,1
2026,JD Unadkat,caught,3
2026,JJ Bumrah,caught,2
2026,JO Holder,bowled_lbw,1
2026,JR Hazlewood,bowled_lbw,2
2026,JR Hazlewood,caught,6
2026,K Rabada,bowled_lbw,3
2026,K Rabada,caught,10
2026,KA Jamieson,caught,1
2026,KH Pandya,bowled_lbw,2
2026,KH Pandya,caught,7
2026,KK Ahmed,caught,2
2026,Kartik Tyagi,bowled_lbw,1
2026,Kartik Tyagi,caught,8
2026,Kuldeep Yadav,bowled_lbw,4
2026,Kuldeep Yadav,caught,3
2026,L Ngidi,bowled_lbw,2
2026,L Ngidi,caught,5
2026,M Jansen,bowled_lbw,1
2026,M Jansen,caught,4
2026,M Prasidh Krishna,caught,12
2026,M Siddharth,caught,4
2026,MJ Henry,bowled_lbw,1
2026,MJ Henry,caught,1
2026,MJ Santner,bowled_lbw,1
2026,MJ Santner,caught,4
2026,MJ Suthar,caught,2
2026,Mohammed Shami,caught,7
2026,Mohammed Siraj,caught,8
2026,Mohsin Khan,caught,9
2026,Mukesh Choudhary,bowled_lbw,1
2026,Mukesh Choudhary,caught,2
2026,Mukesh Kumar,bowled_lbw,1
2026,Mukesh Kumar,caught,4
2026,N Burger,bowled_lbw,1
2026,N Burger,caught,8
2026,Nithish Kumar Reddy,caught,5
2026,Noor Ahmad,bowled_lbw,1
2026,Noor Ahmad,caught,5
2026,PJ Cummins,bowled_lbw,1
2026,PP Hinge,bowled_lbw,1
2026,PP Hinge,caught,5
2026,Prince Yadav,bowled_lbw,4
2026,Prince Yadav,caught,9
2026,R Parag,caught,2
2026,R Shepherd,caught,3
2026,RA Jadeja,bowled_lbw,2
2026,RA Jadeja,caught,4
2026,Ramandeep Singh,caught,1
2026,Rashid Khan,bowled_lbw,2
2026,Rashid Khan,caught,6
2026,Rasikh Salam,bowled_lbw,2
2026,Rasikh Salam,caught,4
2026,Ravi Bishnoi,bowled_lbw,2
2026,Ravi Bishnoi,caught,8
2026,S Dube,caught,1
2026,SN Thakur,caught,6
2026,SP Narine,bowled_lbw,1
2026,SP Narine,caught,6
2026,Sakib Hussain,bowled_lbw,3
2026,Sakib Hussain,caught,4
2026,Sandeep Sharma,bowled_lbw,1
2026,Sandeep Sharma,caught,4
2026,Shashank Singh,caught,3
2026,Shivang Kumar,caught,5
2026,Suyash Sharma,bowled_lbw,1
2026,Suyash Sharma,caught,5
2026,T Natarajan,caught,4
2026,TA Boult,bowled_lbw,1
2026,TU Deshpande,caught,3
2026,V Nigam,caught,2
2026,VG Arora,bowled_lbw,1
2026,VG Arora,caught,8
2026,Vijaykumar Vyshak,caught,6
2026,Washington Sundar,caught,1
2026,XC Bartlett,caught,5
2026,YS Chahal,caught,7
2026,Yash Raj Punja,bowled_lbw,1
2026,Yash Raj Punja,caught,2
