batter,bowler,balls_faced,runs_scored,boundaries,dismissals,strike_rate,boundary_rate,dismissal_prob
A Badoni,Mohammed Siraj,21,21,3,0,100.0,14.3,0.0
A Badoni,Mukesh Kumar,24,43,8,1,179.2,33.3,4.17
A Badoni,Rashid Khan,30,31,2,1,103.3,6.7,3.33
A Badoni,SP Narine,48,42,4,3,87.5,8.3,6.25
A Badoni,T Natarajan,20,38,7,1,190.0,35.0,5.0
AD Russell,B Kumar,24,62,11,0,258.3,45.8,0.0
AD Russell,RA Jadeja,20,28,4,0,140.0,20.0,0.0
AD Russell,RD Chahar,24,21,1,0,87.5,4.2,0.0
AD Russell,T Natarajan,23,41,5,0,178.3,21.7,0.0
AK Markram,AR Patel,25,35,4,2,140.0,16.0,8.0
AK Markram,Arshdeep Singh,27,37,5,2,137.0,18.5,7.41
AK Markram,CV Varun,54,84,11,2,155.6,20.4,3.7
AK Markram,DL Chahar,20,24,3,0,120.0,15.0,0.0
AK Markram,Kuldeep Yadav,21,32,4,1,152.4,19.0,4.76
AK Markram,LH Ferguson,24,41,5,1,170.8,20.8,4.17
AK Markram,M Prasidh Krishna,20,38,7,2,190.0,35.0,10.0
AK Markram,M Theekshana,31,43,6,1,138.7,19.4,3.23
AK Markram,MA Starc,20,26,3,0,130.0,15.0,0.0
AK Markram,Mohammed Siraj,38,47,6,0,123.7,15.8,0.0
AK Markram,RA Jadeja,24,27,1,0,112.5,4.2,0.0
AK Markram,RD Chahar,24,24,2,1,100.0,8.3,4.17
AK Markram,Rashid Khan,25,27,3,0,108.0,12.0,0.0
AK Markram,SP Narine,57,52,2,1,91.2,3.5,1.75
AK Markram,VG Arora,25,34,5,2,136.0,20.0,8.0
AK Markram,YS Chahal,20,25,2,1,125.0,10.0,5.0
AK Markram,Yash Dayal,20,18,1,1,90.0,5.0,5.0
AM Rahane,Arshdeep Singh,23,31,5,1,134.8,21.7,4.35
AM Rahane,B Kumar,21,15,2,1,71.4,9.5,4.76
AM Rahane,JD Unadkat,20,19,2,4,95.0,10.0,20.0
AM Rahane,R Ashwin,24,23,1,2,95.8,4.2,8.33
AR Patel,Avesh Khan,21,25,4,0,119.0,19.0,0.0
AR Patel,CV Varun,24,12,1,1,50.0,4.2,4.17
AR Patel,JJ Bumrah,21,32,4,1,152.4,19.0,4.76
AR Patel,Noor Ahmad,22,36,5,2,163.6,22.7,9.09
AR Patel,Rashid Khan,54,82,10,1,151.9,18.5,1.85
AR Patel,SP Narine,26,32,4,2,123.1,15.4,7.69
AT Rayudu,Avesh Khan,21,30,5,0,142.9,23.8,0.0
AT Rayudu,K Rabada,20,14,2,1,70.0,10.0,5.0
AT Rayudu,Rashid Khan,22,32,3,1,145.5,13.6,4.55
Abdul Samad,CV Varun,23,30,3,1,130.4,13.0,4.35
Abhishek Sharma,Arshdeep Singh,36,69,13,1,191.7,36.1,2.78
Abhishek Sharma,CV Varun,20,52,9,1,260.0,45.0,5.0
Abhishek Sharma,DL Chahar,29,39,6,1,134.5,20.7,3.45
Abhishek Sharma,I Sharma,30,63,13,1,210.0,43.3,3.33
Abhishek Sharma,L Ngidi,21,32,5,1,152.4,23.8,4.76
Abhishek Sharma,M Theekshana,20,33,4,1,165.0,20.0,5.0
Abhishek Sharma,Mohammed Siraj,42,43,7,1,102.4,16.7,2.38
Abhishek Sharma,Mukesh Choudhary,30,66,10,1,220.0,33.3,3.33
Abhishek Sharma,Rashid Khan,36,82,11,1,227.8,30.6,2.78
Abhishek Sharma,SP Narine,33,65,9,1,197.0,27.3,3.03
Abhishek Sharma,TA Boult,28,33,5,3,117.9,17.9,10.71
Abhishek Sharma,VG Arora,23,18,2,1,78.3,8.7,4.35
Abhishek Sharma,WG Jacks,20,33,4,0,165.0,20.0,0.0
Abhishek Sharma,Yash Dayal,29,40,7,2,137.9,24.1,6.9
Abhishek Sharma,Yash Thakur,25,72,14,0,288.0,56.0,0.0
Abishek Porel,B Kumar,20,34,5,1,170.0,25.0,5.0
Abishek Porel,JJ Bumrah,20,14,1,1,70.0,5.0,5.0
B Sai Sudharsan,A Nortje,20,40,6,0,200.0,30.0,0.0
B Sai Sudharsan,AR Patel,25,51,8,0,204.0,32.0,0.0
B Sai Sudharsan,Arshdeep Singh,39,48,7,2,123.1,17.9,5.13
B Sai Sudharsan,B Kumar,37,45,7,0,121.6,18.9,0.0
B Sai Sudharsan,JC Archer,28,36,6,0,128.6,21.4,0.0
B Sai Sudharsan,JR Hazlewood,21,28,5,2,133.3,23.8,9.52
B Sai Sudharsan,K Rabada,21,28,5,0,133.3,23.8,0.0
B Sai Sudharsan,KH Pandya,22,35,5,1,159.1,22.7,4.55
B Sai Sudharsan,KK Ahmed,21,29,5,0,138.1,23.8,0.0
B Sai Sudharsan,Kuldeep Yadav,31,36,2,1,116.1,6.5,3.23
B Sai Sudharsan,M Jansen,25,31,5,2,124.0,20.0,8.0
B Sai Sudharsan,M Pathirana,20,38,6,2,190.0,30.0,10.0
B Sai Sudharsan,M Theekshana,28,43,6,1,153.6,21.4,3.57
B Sai Sudharsan,MJ Santner,21,40,6,0,190.5,28.6,0.0
B Sai Sudharsan,Mohammed Shami,23,34,7,1,147.8,30.4,4.35
B Sai Sudharsan,Mukesh Kumar,26,38,6,1,146.2,23.1,3.85
B Sai Sudharsan,RA Jadeja,48,88,9,1,183.3,18.8,2.08
B Sai Sudharsan,Rasikh Salam,21,30,5,1,142.9,23.8,4.76
B Sai Sudharsan,SN Thakur,20,24,3,0,120.0,15.0,0.0
B Sai Sudharsan,SP Narine,26,30,4,2,115.4,15.4,7.69
B Sai Sudharsan,Sandeep Sharma,38,39,4,0,102.6,10.5,0.0
B Sai Sudharsan,T Natarajan,20,47,8,1,235.0,40.0,5.0
B Sai Sudharsan,TA Boult,38,43,5,2,113.2,13.2,5.26
B Sai Sudharsan,TU Deshpande,44,70,11,2,159.1,25.0,4.55
B Sai Sudharsan,Yash Dayal,29,28,3,0,96.6,10.3,0.0
C Green,Noor Ahmad,23,38,4,2,165.2,17.4,8.7
C Green,R Ashwin,20,20,1,2,100.0,5.0,10.0
C Green,Rashid Khan,30,44,7,1,146.7,23.3,3.33
D Brevis,CV Varun,22,22,3,2,100.0,13.6,9.09
D Brevis,SP Narine,21,34,4,0,161.9,19.0,0.0
D Padikkal,Arshdeep Singh,33,51,8,2,154.5,24.2,6.06
D Padikkal,C Sakariya,23,30,4,0,130.4,17.4,0.0
D Padikkal,DL Chahar,22,50,10,0,227.3,45.5,0.0
D Padikkal,HH Pandya,27,17,2,1,63.0,7.4,3.7
D Padikkal,JO Holder,25,26,4,0,104.0,16.0,0.0
D Padikkal,K Rabada,29,57,10,0,196.6,34.5,0.0
D Padikkal,Mohammed Siraj,21,27,4,3,128.6,19.0,14.29
D Padikkal,Mustafizur Rahman,31,48,9,1,154.8,29.0,3.23
D Padikkal,PVD Chameera,25,36,7,0,144.0,28.0,0.0
D Padikkal,PWH de Silva,27,41,4,0,151.9,14.8,0.0
D Padikkal,RA Jadeja,34,44,5,1,129.4,14.7,2.94
D Padikkal,RD Chahar,21,21,1,0,100.0,4.8,0.0
D Padikkal,Rashid Khan,32,33,3,4,103.1,9.4,12.5
D Padikkal,Ravi Bishnoi,26,34,6,1,130.8,23.1,3.85
D Padikkal,SN Thakur,25,21,2,2,84.0,8.0,8.0
D Padikkal,Umran Malik,24,16,1,2,66.7,4.2,8.33
DA Miller,Avesh Khan,31,54,7,2,174.2,22.6,6.45
DA Miller,CJ Jordan,21,36,6,0,171.4,28.6,0.0
DA Miller,JJ Bumrah,27,30,4,2,111.1,14.8,7.41
DA Miller,Kuldeep Yadav,24,23,3,1,95.8,12.5,4.17
DA Miller,M Prasidh Krishna,36,67,11,0,186.1,30.6,0.0
DA Miller,R Ashwin,36,37,2,1,102.8,5.6,2.78
DA Miller,Washington Sundar,20,19,0,1,95.0,0.0,5.0
DA Miller,YS Chahal,32,60,6,0,187.5,18.8,0.0
DA Warner,Arshdeep Singh,25,39,6,0,156.0,24.0,0.0
DA Warner,B Kumar,27,17,3,2,63.0,11.1,7.41
DA Warner,DL Chahar,36,52,8,1,144.4,22.2,2.78
DA Warner,K Rabada,27,55,9,0,203.7,33.3,0.0
DA Warner,Mohammed Shami,22,22,4,1,100.0,18.2,4.55
DA Warner,Mohammed Siraj,22,39,8,0,177.3,36.4,0.0
DA Warner,R Ashwin,28,28,3,0,100.0,10.7,0.0
DA Warner,RA Jadeja,30,58,8,0,193.3,26.7,0.0
DA Warner,RD Chahar,20,27,3,0,135.0,15.0,0.0
DA Warner,SM Curran,28,37,5,1,132.1,17.9,3.57
DA Warner,SP Narine,27,37,7,0,137.0,25.9,0.0
DA Warner,TA Boult,43,54,9,0,125.6,20.9,0.0
DA Warner,YS Chahal,30,40,4,1,133.3,13.3,3.33
DJ Hooda,AR Patel,20,27,2,0,135.0,10.0,0.0
DJ Hooda,HH Pandya,24,29,5,1,120.8,20.8,4.17
DJ Hooda,R Ashwin,29,31,2,2,106.9,6.9,6.9
DJ Hooda,Rashid Khan,31,32,2,2,103.2,6.5,6.45
DJ Hooda,TA Boult,35,55,9,0,157.1,25.7,0.0
DJ Hooda,YS Chahal,33,49,6,3,148.5,18.2,9.09
DP Conway,A Nortje,21,30,5,1,142.9,23.8,4.76
DP Conway,B Kumar,21,17,1,0,81.0,4.8,0.0
DP Conway,GJ Maxwell,24,28,3,0,116.7,12.5,0.0
DP Conway,KK Ahmed,25,32,4,1,128.0,16.0,4.0
DP Conway,M Jansen,36,69,11,0,191.7,30.6,0.0
DP Conway,Noor Ahmad,21,23,2,1,109.5,9.5,4.76
Dhruv Jurel,KH Pandya,32,34,3,0,106.2,9.4,0.0
Dhruv Jurel,PJ Cummins,28,47,9,1,167.9,32.1,3.57
Dhruv Jurel,Suyash Sharma,20,25,2,0,125.0,10.0,0.0
F du Plessis,AR Patel,20,18,2,1,90.0,10.0,5.0
F du Plessis,Abhishek Sharma,29,38,4,0,131.0,13.8,0.0
F du Plessis,Arshdeep Singh,51,62,7,1,121.6,13.7,1.96
F du Plessis,Avesh Khan,34,50,7,1,147.1,20.6,2.94
F du Plessis,B Kumar,39,62,10,0,159.0,25.6,0.0
F du Plessis,CV Varun,41,59,9,2,143.9,22.0,4.88
F du Plessis,Harpreet Brar,35,66,9,1,188.6,25.7,2.86
F du Plessis,JD Unadkat,27,56,10,1,207.4,37.0,3.7
F du Plessis,JO Holder,33,44,6,2,133.3,18.2,6.06
F du Plessis,JP Behrendorff,20,42,6,0,210.0,30.0,0.0
F du Plessis,KH Pandya,42,45,4,1,107.1,9.5,2.38
F du Plessis,KK Ahmed,23,38,6,1,165.2,26.1,4.35
F du Plessis,LH Ferguson,27,58,10,0,214.8,37.0,0.0
F du Plessis,M Prasidh Krishna,29,27,4,1,93.1,13.8,3.45
F du Plessis,M Theekshana,26,24,2,1,92.3,7.7,3.85
F du Plessis,Mohammed Shami,34,54,10,1,158.8,29.4,2.94
F du Plessis,Mustafizur Rahman,24,30,5,1,125.0,20.8,4.17
F du Plessis,PJ Cummins,35,73,11,2,208.6,31.4,5.71
F du Plessis,PP Chawla,26,27,4,0,103.8,15.4,0.0
F du Plessis,R Ashwin,40,45,4,0,112.5,10.0,0.0
F du Plessis,RA Jadeja,20,35,3,0,175.0,15.0,0.0
F du Plessis,RD Chahar,33,40,3,0,121.2,9.1,0.0
F du Plessis,Rashid Khan,29,17,0,2,58.6,0.0,6.9
F du Plessis,Ravi Bishnoi,48,83,10,1,172.9,20.8,2.08
F du Plessis,SP Narine,36,30,1,1,83.3,2.8,2.78
F du Plessis,Sandeep Sharma,45,65,10,0,144.4,22.2,0.0
F du Plessis,TA Boult,66,80,13,2,121.2,19.7,3.03
F du Plessis,YS Chahal,28,27,1,2,96.4,3.6,7.14
F du Plessis,Yash Dayal,20,20,3,1,100.0,15.0,5.0
GJ Maxwell,AR Patel,30,40,5,0,133.3,16.7,0.0
GJ Maxwell,Avesh Khan,23,47,7,0,204.3,30.4,0.0
GJ Maxwell,CV Varun,33,50,8,5,151.5,24.2,15.15
GJ Maxwell,R Ashwin,31,50,6,3,161.3,19.4,9.68
GJ Maxwell,RA Jadeja,21,35,4,2,166.7,19.0,9.52
GJ Maxwell,RD Chahar,27,47,7,0,174.1,25.9,0.0
GJ Maxwell,Rashid Khan,27,41,5,1,151.9,18.5,3.7
GJ Maxwell,Ravi Bishnoi,20,37,5,1,185.0,25.0,5.0
GJ Maxwell,SP Narine,26,15,0,2,57.7,0.0,7.69
GJ Maxwell,TA Boult,22,27,4,1,122.7,18.2,4.55
GJ Maxwell,YS Chahal,21,43,6,0,204.8,28.6,0.0
H Klaasen,Avesh Khan,28,40,5,2,142.9,17.9,7.14
H Klaasen,CV Varun,39,81,11,1,207.7,28.2,2.56
H Klaasen,HV Patel,22,35,5,2,159.1,22.7,9.09
H Klaasen,Harshit Rana,26,48,7,2,184.6,26.9,7.69
H Klaasen,JJ Bumrah,24,41,5,2,170.8,20.8,8.33
H Klaasen,Noor Ahmad,29,67,11,0,231.0,37.9,0.0
H Klaasen,RA Jadeja,23,25,2,1,108.7,8.7,4.35
H Klaasen,Rashid Khan,32,46,4,1,143.8,12.5,3.12
H Klaasen,Ravi Bishnoi,23,47,6,0,204.3,26.1,0.0
H Klaasen,SN Thakur,22,35,6,2,159.1,27.3,9.09
H Klaasen,SP Narine,47,85,9,0,180.9,19.1,0.0
H Klaasen,Sandeep Sharma,26,40,4,2,153.8,15.4,7.69
H Klaasen,TA Boult,21,33,5,0,157.1,23.8,0.0
H Klaasen,YS Chahal,32,58,7,1,181.2,21.9,3.12
HH Pandya,A Nortje,29,37,6,1,127.6,20.7,3.45
HH Pandya,AR Patel,35,36,4,0,102.9,11.4,0.0
HH Pandya,Arshdeep Singh,29,22,2,1,75.9,6.9,3.45
HH Pandya,Avesh Khan,40,35,4,3,87.5,10.0,7.5
HH Pandya,B Kumar,26,36,4,1,138.5,15.4,3.85
HH Pandya,CV Varun,23,21,2,1,91.3,8.7,4.35
HH Pandya,K Rabada,23,25,3,1,108.7,13.0,4.35
HH Pandya,KH Pandya,35,32,3,1,91.4,8.6,2.86
HH Pandya,KK Ahmed,26,37,6,3,142.3,23.1,11.54
HH Pandya,Kuldeep Yadav,33,40,5,0,121.2,15.2,0.0
HH Pandya,M Prasidh Krishna,36,45,7,1,125.0,19.4,2.78
HH Pandya,R Ashwin,39,69,8,0,176.9,20.5,0.0
HH Pandya,Ravi Bishnoi,32,67,10,1,209.4,31.2,3.12
HH Pandya,YS Chahal,53,48,3,3,90.6,5.7,5.66
Ishan Kishan,AR Patel,37,60,8,1,162.2,21.6,2.7
Ishan Kishan,Arshdeep Singh,20,39,7,3,195.0,35.0,15.0
Ishan Kishan,B Kumar,36,67,9,1,186.1,25.0,2.78
Ishan Kishan,JC Archer,33,69,13,1,209.1,39.4,3.03
Ishan Kishan,KH Pandya,43,75,10,0,174.4,23.3,0.0
Ishan Kishan,KK Ahmed,35,58,11,0,165.7,31.4,0.0
Ishan Kishan,Lalit Yadav,30,24,2,0,80.0,6.7,0.0
Ishan Kishan,M Prasidh Krishna,25,30,4,1,120.0,16.0,4.0
Ishan Kishan,Mohammed Shami,29,29,3,0,100.0,10.3,0.0
Ishan Kishan,Mohammed Siraj,43,55,8,1,127.9,18.6,2.33
Ishan Kishan,R Ashwin,28,25,1,1,89.3,3.6,3.57
Ishan Kishan,Rashid Khan,32,31,3,2,96.9,9.4,6.25
Ishan Kishan,Ravi Bishnoi,40,47,4,4,117.5,10.0,10.0
Ishan Kishan,SN Thakur,29,56,9,1,193.1,31.0,3.45
Ishan Kishan,SP Narine,35,48,6,1,137.1,17.1,2.86
Ishan Kishan,Sandeep Sharma,31,54,7,2,174.2,22.6,6.45
Ishan Kishan,Suyash Sharma,24,41,7,0,170.8,29.2,0.0
Ishan Kishan,TA Boult,33,36,6,2,109.1,18.2,6.06
Ishan Kishan,TU Deshpande,37,58,10,0,156.8,27.0,0.0
Ishan Kishan,VG Arora,20,20,3,3,100.0,15.0,15.0
Ishan Kishan,Washington Sundar,24,21,2,0,87.5,8.3,0.0
JC Buttler,AR Patel,37,54,7,1,145.9,18.9,2.7
JC Buttler,Avesh Khan,32,56,10,2,175.0,31.2,6.25
JC Buttler,B Kumar,46,52,7,3,113.0,15.2,6.52
JC Buttler,CV Varun,35,61,9,2,174.3,25.7,5.71
JC Buttler,DR Sams,22,30,4,0,136.4,18.2,0.0
JC Buttler,HH Pandya,31,50,8,3,161.3,25.8,9.68
JC Buttler,HV Patel,27,40,5,0,148.1,18.5,0.0
JC Buttler,Harshit Rana,22,40,6,0,181.8,27.3,0.0
JC Buttler,JJ Bumrah,54,39,6,1,72.2,11.1,1.85
JC Buttler,JR Hazlewood,26,43,7,1,165.4,26.9,3.85
JC Buttler,KK Ahmed,43,60,8,1,139.5,18.6,2.33
JC Buttler,Kuldeep Yadav,42,64,8,2,152.4,19.0,4.76
JC Buttler,M Jansen,36,54,8,1,150.0,22.2,2.78
JC Buttler,M Theekshana,38,55,7,1,144.7,18.4,2.63
JC Buttler,MA Starc,24,51,10,0,212.5,41.7,0.0
JC Buttler,Mohammed Shami,47,65,12,2,138.3,25.5,4.26
JC Buttler,Mohammed Siraj,37,52,8,2,140.5,21.6,5.41
JC Buttler,Mukesh Kumar,32,63,10,1,196.9,31.2,3.12
JC Buttler,PJ Cummins,29,42,6,3,144.8,20.7,10.34
JC Buttler,PWH de Silva,28,52,7,0,185.7,25.0,0.0
JC Buttler,RA Jadeja,26,28,3,2,107.7,11.5,7.69
JC Buttler,Rashid Khan,36,21,0,1,58.3,0.0,2.78
JC Buttler,Ravi Bishnoi,20,24,2,0,120.0,10.0,0.0
JC Buttler,SP Narine,28,29,3,0,103.6,10.7,0.0
JC Buttler,Sandeep Sharma,29,55,8,1,189.7,27.6,3.45
JC Buttler,Shivam Mavi,20,20,2,0,100.0,10.0,0.0
JC Buttler,TU Deshpande,28,41,6,0,146.4,21.4,0.0
JC Buttler,UT Yadav,28,40,7,0,142.9,25.0,0.0
JC Buttler,Yash Dayal,50,100,18,0,200.0,36.0,0.0
JM Bairstow,M Prasidh Krishna,21,47,7,0,223.8,33.3,0.0
JM Bairstow,Mohammed Siraj,26,52,9,1,200.0,34.6,3.85
JM Bairstow,R Ashwin,20,21,3,0,105.0,15.0,0.0
JM Bairstow,TA Boult,29,58,11,0,200.0,37.9,0.0
JM Sharma,Kuldeep Yadav,31,33,4,2,106.5,12.9,6.45
JM Sharma,Rashid Khan,27,43,7,2,159.3,25.9,7.41
JM Sharma,YS Chahal,35,41,4,3,117.1,11.4,8.57
JP Inglis,KH Pandya,20,30,4,1,150.0,20.0,5.0
KA Pollard,M Prasidh Krishna,24,28,3,0,116.7,12.5,0.0
KD Karthik,AD Russell,20,44,8,1,220.0,40.0,5.0
KD Karthik,Arshdeep Singh,21,37,6,3,176.2,28.6,14.29
KD Karthik,Avesh Khan,26,32,5,2,123.1,19.2,7.69
KD Karthik,M Theekshana,21,40,6,0,190.5,28.6,0.0
KD Karthik,Mustafizur Rahman,26,54,9,0,207.7,34.6,0.0
KD Karthik,RA Jadeja,22,30,4,1,136.4,18.2,4.55
KD Karthik,TU Deshpande,20,35,6,2,175.0,30.0,10.0
KD Karthik,YS Chahal,24,19,1,1,79.2,4.2,4.17
KH Pandya,HV Patel,24,39,6,1,162.5,25.0,4.17
KH Pandya,Kuldeep Yadav,34,33,3,1,97.1,8.8,2.94
KH Pandya,Mukesh Kumar,25,43,5,1,172.0,20.0,4.0
KH Pandya,R Ashwin,20,16,1,1,80.0,5.0,5.0
KL Rahul,AR Patel,25,17,1,0,68.0,4.0,0.0
KL Rahul,Arshdeep Singh,48,81,14,2,168.8,29.2,4.17
KL Rahul,Avesh Khan,38,58,7,1,152.6,18.4,2.63
KL Rahul,B Kumar,55,55,5,2,100.0,9.1,3.64
KL Rahul,C Sakariya,36,61,9,3,169.4,25.0,8.33
KL Rahul,CV Varun,30,32,3,0,106.7,10.0,0.0
KL Rahul,DL Chahar,42,75,11,1,178.6,26.2,2.38
KL Rahul,DR Sams,27,43,5,0,159.3,18.5,0.0
KL Rahul,HV Patel,31,45,7,1,145.2,22.6,3.23
KL Rahul,J Yadav,21,17,0,0,81.0,0.0,0.0
KL Rahul,JD Unadkat,26,42,6,1,161.5,23.1,3.85
KL Rahul,JJ Bumrah,48,53,5,0,110.4,10.4,0.0
KL Rahul,JR Hazlewood,62,107,16,2,172.6,25.8,3.23
KL Rahul,K Rabada,46,84,13,3,182.6,28.3,6.52
KL Rahul,KH Pandya,42,46,3,1,109.5,7.1,2.38
KL Rahul,M Pathirana,20,23,2,2,115.0,10.0,10.0
KL Rahul,M Prasidh Krishna,36,67,11,2,186.1,30.6,5.56
KL Rahul,Mohammed Shami,33,32,6,3,97.0,18.2,9.09
KL Rahul,Mohammed Siraj,84,126,22,2,150.0,26.2,2.38
KL Rahul,Mukesh Choudhary,23,36,6,0,156.5,26.1,0.0
KL Rahul,Mustafizur Rahman,45,62,8,1,137.8,17.8,2.22
KL Rahul,Noor Ahmad,28,42,5,0,150.0,17.9,0.0
KL Rahul,R Ashwin,48,57,5,0,118.8,10.4,0.0
KL Rahul,RD Chahar,23,21,1,0,91.3,4.3,0.0
KL Rahul,Rashid Khan,40,47,5,0,117.5,12.5,0.0
KL Rahul,SN Thakur,23,49,8,1,213.0,34.8,4.35
KL Rahul,SP Narine,41,32,1,0,78.0,2.4,0.0
KL Rahul,Sandeep Sharma,38,32,3,1,84.2,7.9,2.63
KL Rahul,Shahbaz Ahmed,42,41,2,1,97.6,4.8,2.38
KL Rahul,Shivam Mavi,22,14,2,0,63.6,9.1,0.0
KL Rahul,Suyash Sharma,36,37,4,0,102.8,11.1,0.0
KL Rahul,TA Boult,42,48,8,2,114.3,19.0,4.76
KL Rahul,TG Southee,20,44,6,0,220.0,30.0,0.0
KL Rahul,TU Deshpande,21,26,3,0,123.8,14.3,0.0
KL Rahul,YS Chahal,51,82,9,0,160.8,17.6,0.0
KL Rahul,Yash Dayal,25,47,6,0,188.0,24.0,0.0
KR Mayers,DL Chahar,20,34,7,0,170.0,35.0,0.0
KS Williamson,AR Patel,20,11,0,1,55.0,0.0,5.0
KS Williamson,UT Yadav,22,14,2,0,63.6,9.1,0.0
LS Livingstone,Kuldeep Yadav,20,20,1,1,100.0,5.0,5.0
LS Livingstone,Rashid Khan,31,51,6,2,164.5,19.4,6.45
LS Livingstone,Shahbaz Ahmed,20,36,4,0,180.0,20.0,0.0
M Jansen,M Pathirana,21,28,3,0,133.3,14.3,0.0
M Shahrukh Khan,RA Jadeja,21,20,2,1,95.2,9.5,4.76
M Shahrukh Khan,SN Thakur,20,34,5,0,170.0,25.0,0.0
MA Agarwal,AR Patel,25,22,3,2,88.0,12.0,8.0
MA Agarwal,Avesh Khan,25,39,5,0,156.0,20.0,0.0
MA Agarwal,PP Chawla,20,30,3,0,150.0,15.0,0.0
MK Pandey,RA Jadeja,22,20,1,0,90.9,4.5,0.0
MK Pandey,Washington Sundar,22,21,2,0,95.5,9.1,0.0
MM Ali,Avesh Khan,22,37,7,1,168.2,31.8,4.55
MM Ali,HV Patel,20,22,2,2,110.0,10.0,10.0
MM Ali,M Prasidh Krishna,21,32,5,1,152.4,23.8,4.76
MM Ali,Mohammed Shami,28,35,6,0,125.0,21.4,0.0
MM Ali,R Ashwin,36,48,7,1,133.3,19.4,2.78
MM Ali,Rashid Khan,29,36,6,3,124.1,20.7,10.34
MM Ali,Ravi Bishnoi,21,33,4,2,157.1,19.0,9.52
MM Ali,YS Chahal,28,40,5,0,142.9,17.9,0.0
MP Stoinis,C Green,27,38,5,0,140.7,18.5,0.0
MP Stoinis,JR Hazlewood,20,28,5,1,140.0,25.0,5.0
MP Stoinis,Mustafizur Rahman,24,47,7,1,195.8,29.2,4.17
MP Stoinis,PP Chawla,30,37,5,1,123.3,16.7,3.33
MP Stoinis,RD Chahar,27,46,6,2,170.4,22.2,7.41
MP Stoinis,SN Thakur,21,33,6,1,157.1,28.6,4.76
MP Stoinis,YS Chahal,21,29,3,0,138.1,14.3,0.0
MR Marsh,AR Patel,26,22,3,0,84.6,11.5,0.0
MR Marsh,Arshdeep Singh,21,36,6,3,171.4,28.6,14.29
MR Marsh,B Kumar,25,35,4,1,140.0,16.0,4.0
MR Marsh,K Rabada,27,49,7,2,181.5,25.9,7.41
MR Marsh,M Prasidh Krishna,30,50,8,0,166.7,26.7,0.0
MR Marsh,Mohammed Siraj,20,16,2,0,80.0,10.0,0.0
MR Marsh,N Burger,20,32,6,2,160.0,30.0,10.0
MR Marsh,TA Boult,31,47,8,1,151.6,25.8,3.23
MS Dhoni,AD Russell,22,36,6,1,163.6,27.3,4.55
N Pooran,Arshdeep Singh,33,56,8,2,169.7,24.2,6.06
N Pooran,CV Varun,47,77,11,3,163.8,23.4,6.38
N Pooran,HV Patel,25,49,8,0,196.0,32.0,0.0
N Pooran,Harshit Rana,20,36,6,0,180.0,30.0,0.0
N Pooran,K Rabada,26,29,3,2,111.5,11.5,7.69
N Pooran,Kuldeep Yadav,36,50,7,1,138.9,19.4,2.78
N Pooran,M Prasidh Krishna,27,10,0,1,37.0,0.0,3.7
N Pooran,Mohammed Siraj,26,51,9,1,196.2,34.6,3.85
N Pooran,PJ Cummins,24,43,7,1,179.2,29.2,4.17
N Pooran,RA Jadeja,25,30,3,1,120.0,12.0,4.0
N Pooran,Rashid Khan,37,57,5,1,154.1,13.5,2.7
N Pooran,SP Narine,37,36,2,1,97.3,5.4,2.7
N Pooran,Sandeep Sharma,21,33,5,3,157.1,23.8,14.29
N Pooran,YS Chahal,32,41,5,2,128.1,15.6,6.25
N Rana,AR Patel,20,36,5,1,180.0,25.0,5.0
N Rana,B Kumar,22,22,4,0,100.0,18.2,0.0
N Rana,DL Chahar,26,23,4,1,88.5,15.4,3.85
N Rana,Kuldeep Yadav,21,35,4,0,166.7,19.0,0.0
N Rana,Lalit Yadav,23,49,6,1,213.0,26.1,4.35
N Rana,M Jansen,47,52,7,1,110.6,14.9,2.13
N Rana,Mohammed Shami,26,25,4,1,96.2,15.4,3.85
N Rana,NT Ellis,20,21,2,0,105.0,10.0,0.0
N Rana,R Ashwin,42,75,11,0,178.6,26.2,0.0
N Rana,RD Chahar,23,24,2,3,104.3,8.7,13.04
N Rana,Rashid Khan,38,43,7,2,113.2,18.4,5.26
N Rana,T Natarajan,46,73,12,2,158.7,26.1,4.35
N Rana,TA Boult,26,37,6,1,142.3,23.1,3.85
N Rana,Umran Malik,25,44,8,1,176.0,32.0,4.0
N Rana,YS Chahal,45,55,5,4,122.2,11.1,8.89
N Wadhera,M Theekshana,27,35,4,0,129.6,14.8,0.0
N Wadhera,PWH de Silva,36,72,9,1,200.0,25.0,2.78
N Wadhera,Ravi Bishnoi,25,37,6,1,148.0,24.0,4.0
N Wadhera,Suyash Sharma,20,28,4,0,140.0,20.0,0.0
Nithish Kumar Reddy,Harpreet Brar,20,45,7,0,225.0,35.0,0.0
Nithish Kumar Reddy,Sandeep Sharma,20,30,4,0,150.0,20.0,0.0
P Simran Singh,AR Patel,36,41,5,1,113.9,13.9,2.78
P Simran Singh,Avesh Khan,24,47,7,0,195.8,29.2,0.0
P Simran Singh,B Kumar,43,70,13,4,162.8,30.2,9.3
P Simran Singh,I Sharma,28,44,9,0,157.1,32.1,0.0
P Simran Singh,KK Ahmed,43,46,8,0,107.0,18.6,0.0
P Simran Singh,Kuldeep Yadav,27,46,6,2,170.4,22.2,7.41
P Simran Singh,RA Jadeja,24,30,3,2,125.0,12.5,8.33
P Simran Singh,T Natarajan,20,24,3,1,120.0,15.0,5.0
P Simran Singh,TA Boult,31,31,4,3,100.0,12.9,9.68
PD Salt,Arshdeep Singh,28,37,6,2,132.1,21.4,7.14
PD Salt,Harpreet Brar,21,35,6,1,166.7,28.6,4.76
PD Salt,KK Ahmed,40,62,11,0,155.0,27.5,0.0
PD Salt,M Markande,21,38,6,2,181.0,28.6,9.52
PD Salt,Mohammed Siraj,28,56,9,2,200.0,32.1,7.14
PP Shaw,DL Chahar,34,52,9,1,152.9,26.5,2.94
PP Shaw,DR Sams,21,29,4,0,138.1,19.0,0.0
PP Shaw,Mohammed Siraj,22,32,5,1,145.5,22.7,4.55
PP Shaw,RA Jadeja,20,37,5,2,185.0,25.0,10.0
PP Shaw,SP Narine,20,36,5,0,180.0,25.0,0.0
Priyansh Arya,B Kumar,20,17,2,0,85.0,10.0,0.0
Priyansh Arya,KK Ahmed,25,56,10,1,224.0,40.0,4.0
Q de Kock,CV Varun,24,32,4,2,133.3,16.7,8.33
Q de Kock,DL Chahar,28,28,4,3,100.0,14.3,10.71
Q de Kock,JD Unadkat,24,32,4,0,133.3,16.7,0.0
Q de Kock,K Rabada,27,51,8,1,188.9,29.6,3.7
Q de Kock,KK Ahmed,24,34,6,1,141.7,25.0,4.17
Q de Kock,Mohammed Shami,23,23,4,2,100.0,17.4,8.7
Q de Kock,Mohammed Siraj,31,45,8,1,145.2,25.8,3.23
Q de Kock,Mustafizur Rahman,27,35,5,1,129.6,18.5,3.7
Q de Kock,RA Jadeja,22,34,4,0,154.5,18.2,0.0
Q de Kock,Rashid Khan,24,34,4,1,141.7,16.7,4.17
Q de Kock,SN Thakur,21,21,2,1,100.0,9.5,4.76
Q de Kock,SP Narine,31,34,3,1,109.7,9.7,3.23
Q de Kock,Sandeep Sharma,22,19,3,1,86.4,13.6,4.55
Q de Kock,TG Southee,26,48,7,0,184.6,26.9,0.0
Q de Kock,TU Deshpande,29,45,8,0,155.2,27.6,0.0
Q de Kock,YS Chahal,24,40,5,2,166.7,20.8,8.33
R Ashwin,Kuldeep Yadav,20,26,2,1,130.0,10.0,5.0
R Parag,AR Patel,31,30,3,2,96.8,9.7,6.45
R Parag,Arshdeep Singh,28,44,9,1,157.1,32.1,3.57
R Parag,CV Varun,21,28,4,2,133.3,19.0,9.52
R Parag,HV Patel,29,49,7,3,169.0,24.1,10.34
R Parag,Harshit Rana,23,44,8,2,191.3,34.8,8.7
R Parag,JJ Bumrah,20,21,3,1,105.0,15.0,5.0
R Parag,KH Pandya,35,34,2,1,97.1,5.7,2.86
R Parag,Kuldeep Yadav,28,35,4,0,125.0,14.3,0.0
R Parag,Mohammed Shami,23,25,3,3,108.7,13.0,13.04
R Parag,Noor Ahmad,32,55,7,1,171.9,21.9,3.12
R Parag,Rashid Khan,25,23,1,2,92.0,4.0,8.0
R Parag,Ravi Bishnoi,21,20,1,1,95.2,4.8,4.76
R Parag,YS Chahal,26,28,3,1,107.7,11.5,3.85
R Ravindra,TA Boult,24,24,2,0,100.0,8.3,0.0
R Tewatia,HV Patel,26,46,6,0,176.9,23.1,0.0
RA Jadeja,Arshdeep Singh,22,30,2,2,136.4,9.1,9.09
RA Jadeja,HV Patel,25,60,9,1,240.0,36.0,4.0
RA Jadeja,JJ Bumrah,27,34,4,1,125.9,14.8,3.7
RA Jadeja,KH Pandya,31,33,3,0,106.5,9.7,0.0
RA Jadeja,MM Sharma,20,40,6,0,200.0,30.0,0.0
RA Jadeja,Mohammed Siraj,28,43,4,0,153.6,14.3,0.0
RA Jadeja,RD Chahar,33,29,1,1,87.9,3.0,3.03
RA Jadeja,Ravi Bishnoi,22,28,4,1,127.3,18.2,4.55
RA Jadeja,Sandeep Sharma,20,27,3,0,135.0,15.0,0.0
RA Jadeja,Suyash Sharma,27,50,7,0,185.2,25.9,0.0
RA Jadeja,Yash Thakur,22,25,2,0,113.6,9.1,0.0
RA Tripathi,AD Russell,21,41,8,3,195.2,38.1,14.29
RA Tripathi,Arshdeep Singh,26,30,5,0,115.4,19.2,0.0
RA Tripathi,CV Varun,22,38,5,0,172.7,22.7,0.0
RA Tripathi,HV Patel,20,28,4,2,140.0,20.0,10.0
RA Tripathi,Harpreet Brar,21,27,5,1,128.6,23.8,4.76
RA Tripathi,JJ Bumrah,22,43,7,0,195.5,31.8,0.0
RA Tripathi,KH Pandya,30,37,5,1,123.3,16.7,3.33
RA Tripathi,RD Chahar,31,55,9,2,177.4,29.0,6.45
RA Tripathi,Ravi Bishnoi,33,29,2,2,87.9,6.1,6.06
RA Tripathi,SP Narine,40,40,2,2,100.0,5.0,5.0
RD Gaikwad,A Nortje,30,46,7,2,153.3,23.3,6.67
RD Gaikwad,AR Patel,40,61,7,2,152.5,17.5,5.0
RD Gaikwad,AS Joseph,25,47,7,1,188.0,28.0,4.0
RD Gaikwad,Arshad Khan,22,39,6,0,177.3,27.3,0.0
RD Gaikwad,Arshdeep Singh,38,42,7,3,110.5,18.4,7.89
RD Gaikwad,Avesh Khan,20,19,1,1,95.0,5.0,5.0
RD Gaikwad,B Kumar,48,69,10,0,143.8,20.8,0.0
RD Gaikwad,C Sakariya,20,13,1,1,65.0,5.0,5.0
RD Gaikwad,CV Varun,39,29,1,2,74.4,2.6,5.13
RD Gaikwad,HH Pandya,26,47,7,1,180.8,26.9,3.85
RD Gaikwad,K Rabada,45,48,6,2,106.7,13.3,4.44
RD Gaikwad,KK Ahmed,24,16,1,1,66.7,4.2,4.17
RD Gaikwad,M Jansen,22,35,5,0,159.1,22.7,0.0
RD Gaikwad,Mohammed Shami,59,45,5,0,76.3,8.5,0.0
RD Gaikwad,Mohammed Siraj,55,74,12,1,134.5,21.8,1.82
RD Gaikwad,RD Chahar,37,40,3,1,108.1,8.1,2.7
RD Gaikwad,Rashid Khan,69,113,15,2,163.8,21.7,2.9
RD Gaikwad,SM Curran,22,38,5,0,172.7,22.7,0.0
RD Gaikwad,SP Narine,34,51,6,1,150.0,17.6,2.94
RD Gaikwad,Sandeep Sharma,51,50,6,1,98.0,11.8,1.96
RD Gaikwad,T Natarajan,29,39,4,3,134.5,13.8,10.34
RD Gaikwad,TA Boult,26,34,6,2,130.8,23.1,7.69
RD Gaikwad,Umran Malik,22,40,6,0,181.8,27.3,0.0
RD Gaikwad,VG Arora,21,28,4,0,133.3,19.0,0.0
RD Gaikwad,YS Chahal,36,40,5,3,111.1,13.9,8.33
RD Gaikwad,Yash Dayal,32,52,8,2,162.5,25.0,6.25
RD Gaikwad,Yash Thakur,20,38,6,1,190.0,30.0,5.0
RD Rickelton,Mukesh Kumar,23,29,5,1,126.1,21.7,4.35
RG Sharma,AR Patel,33,34,4,2,103.0,12.1,6.06
RG Sharma,Arshdeep Singh,25,30,4,0,120.0,16.0,0.0
RG Sharma,B Kumar,37,54,8,0,145.9,21.6,0.0
RG Sharma,CV Varun,50,61,9,1,122.0,18.0,2.0
RG Sharma,DL Chahar,20,25,4,1,125.0,20.0,5.0
RG Sharma,HV Patel,23,28,4,1,121.7,17.4,4.35
RG Sharma,JD Unadkat,21,40,6,0,190.5,28.6,0.0
RG Sharma,KH Pandya,32,35,4,1,109.4,12.5,3.12
RG Sharma,KK Ahmed,42,30,5,2,71.4,11.9,4.76
RG Sharma,Mohammed Shami,39,46,5,2,117.9,12.8,5.13
RG Sharma,Mohammed Siraj,54,70,12,1,129.6,22.2,1.85
RG Sharma,Mohsin Khan,20,33,7,1,165.0,35.0,5.0
RG Sharma,Mustafizur Rahman,30,51,8,2,170.0,26.7,6.67
RG Sharma,PJ Cummins,26,35,5,4,134.6,19.2,15.38
RG Sharma,R Ashwin,20,25,3,1,125.0,15.0,5.0
RG Sharma,Rashid Khan,30,38,5,3,126.7,16.7,10.0
RG Sharma,Ravi Bishnoi,27,32,5,3,118.5,18.5,11.11
RG Sharma,SN Thakur,29,36,5,1,124.1,17.2,3.45
RG Sharma,TU Deshpande,22,27,4,1,122.7,18.2,4.55
RG Sharma,UT Yadav,24,27,5,1,112.5,20.8,4.17
RG Sharma,VG Arora,25,41,6,1,164.0,24.0,4.0
RK Singh,HV Patel,26,47,8,2,180.8,30.8,7.69
RK Singh,M Pathirana,24,28,4,0,116.7,16.7,0.0
RK Singh,Mohammed Shami,22,32,4,0,145.5,18.2,0.0
RK Singh,Noor Ahmad,25,15,2,3,60.0,8.0,12.0
RK Singh,RA Jadeja,27,43,5,0,159.3,18.5,0.0
RK Singh,Ravi Bishnoi,23,41,5,1,178.3,21.7,4.35
RK Singh,T Natarajan,24,39,5,3,162.5,20.8,12.5
RM Patidar,Avesh Khan,21,37,6,1,176.2,28.6,4.76
RM Patidar,Noor Ahmad,23,28,3,0,121.7,13.0,0.0
RM Patidar,R Ashwin,26,25,1,2,96.2,3.8,7.69
RM Patidar,Ravi Bishnoi,30,63,9,0,210.0,30.0,0.0
RM Patidar,YS Chahal,32,51,6,2,159.4,18.8,6.25
RR Pant,B Kumar,27,51,9,1,188.9,33.3,3.7
RR Pant,CV Varun,34,36,3,2,105.9,8.8,5.88
RR Pant,HV Patel,28,38,5,2,135.7,17.9,7.14
RR Pant,JD Unadkat,21,37,7,0,176.2,33.3,0.0
RR Pant,M Pathirana,22,41,6,2,186.4,27.3,9.09
RR Pant,Mohammed Siraj,23,35,5,2,152.2,21.7,8.7
RR Pant,Noor Ahmad,30,27,3,0,90.0,10.0,0.0
RR Pant,PJ Cummins,21,23,4,1,109.5,19.0,4.76
RR Pant,R Ashwin,23,25,2,0,108.7,8.7,0.0
RR Pant,RA Jadeja,26,34,4,1,130.8,15.4,3.85
RR Pant,Rashid Khan,36,51,7,0,141.7,19.4,0.0
RR Pant,Ravi Bishnoi,34,41,6,1,120.6,17.6,2.94
RR Pant,SP Narine,41,44,4,1,107.3,9.8,2.44
RR Pant,YS Chahal,36,61,7,2,169.4,19.4,5.56
S Dhawan,AS Joseph,20,30,4,0,150.0,20.0,0.0
S Dhawan,B Kumar,51,57,11,2,111.8,21.6,3.92
S Dhawan,CV Varun,44,49,6,2,111.4,13.6,4.55
S Dhawan,DJ Bravo,28,52,9,1,185.7,32.1,3.57
S Dhawan,DL Chahar,23,40,7,0,173.9,30.4,0.0
S Dhawan,J Suchith,23,32,5,0,139.1,21.7,0.0
S Dhawan,KK Ahmed,22,22,3,0,100.0,13.6,0.0
S Dhawan,LH Ferguson,33,31,4,1,93.9,12.1,3.03
S Dhawan,Mohammed Shami,30,47,9,0,156.7,30.0,0.0
S Dhawan,RA Jadeja,23,25,1,0,108.7,4.3,0.0
S Dhawan,Rashid Khan,33,31,2,3,93.9,6.1,9.09
S Dhawan,Ravi Bishnoi,24,33,4,1,137.5,16.7,4.17
S Dhawan,SN Thakur,25,35,6,3,140.0,24.0,12.0
S Dhawan,SP Narine,36,43,5,0,119.4,13.9,0.0
S Dhawan,T Natarajan,21,38,6,0,181.0,28.6,0.0
S Dhawan,TA Boult,32,29,5,0,90.6,15.6,0.0
S Dhawan,TG Southee,20,26,5,1,130.0,25.0,5.0
S Dhawan,YS Chahal,21,40,6,0,190.5,28.6,0.0
S Dube,AS Joseph,28,32,3,1,114.3,10.7,3.57
S Dube,Arshdeep Singh,28,44,8,3,157.1,28.6,10.71
S Dube,CV Varun,44,64,7,1,145.5,15.9,2.27
S Dube,GJ Maxwell,20,21,2,0,105.0,10.0,0.0
S Dube,JJ Bumrah,28,16,1,2,57.1,3.6,7.14
S Dube,LH Ferguson,25,26,3,1,104.0,12.0,4.0
S Dube,MM Sharma,23,30,3,1,130.4,13.0,4.35
S Dube,PWH de Silva,27,59,9,1,218.5,33.3,3.7
S Dube,SN Thakur,38,62,10,0,163.2,26.3,0.0
S Dube,SP Narine,49,44,3,0,89.8,6.1,0.0
S Dube,Suyash Sharma,24,38,5,0,158.3,20.8,0.0
S Dube,VG Arora,24,38,6,2,158.3,25.0,8.33
SA Yadav,AR Patel,26,25,2,1,96.2,7.7,3.85
SA Yadav,Akash Deep,20,48,7,0,240.0,35.0,0.0
SA Yadav,Arshdeep Singh,35,42,5,3,120.0,14.3,8.57
SA Yadav,Avesh Khan,24,29,5,3,120.8,20.8,12.5
SA Yadav,CV Varun,42,43,4,0,102.4,9.5,0.0
SA Yadav,HV Patel,35,45,6,0,128.6,17.1,0.0
SA Yadav,Harpreet Brar,26,33,2,0,126.9,7.7,0.0
SA Yadav,JO Holder,22,41,6,1,186.4,27.3,4.55
SA Yadav,K Rabada,40,74,11,2,185.0,27.5,5.0
SA Yadav,KA Jamieson,24,42,8,1,175.0,33.3,4.17
SA Yadav,KH Pandya,26,34,4,2,130.8,15.4,7.69
SA Yadav,Kuldeep Yadav,23,29,3,1,126.1,13.0,4.35
SA Yadav,Mohammed Siraj,22,51,7,1,231.8,31.8,4.55
SA Yadav,Noor Ahmad,49,65,8,2,132.7,16.3,4.08
SA Yadav,PJ Cummins,37,44,7,2,118.9,18.9,5.41
SA Yadav,R Ashwin,36,58,7,0,161.1,19.4,0.0
SA Yadav,R Sai Kishore,27,45,5,2,166.7,18.5,7.41
SA Yadav,RA Jadeja,25,34,4,2,136.0,16.0,8.0
SA Yadav,RD Chahar,27,37,6,0,137.0,22.2,0.0
SA Yadav,Rashid Khan,58,92,14,0,158.6,24.1,0.0
SA Yadav,Ravi Bishnoi,52,85,12,3,163.5,23.1,5.77
SA Yadav,SM Curran,23,54,9,1,234.8,39.1,4.35
SA Yadav,SP Narine,45,57,7,0,126.7,15.6,0.0
SA Yadav,Suyash Sharma,22,33,6,0,150.0,27.3,0.0
SA Yadav,V Nigam,24,35,5,0,145.8,20.8,0.0
SA Yadav,Vijaykumar Vyshak,28,43,6,2,153.6,21.4,7.14
SA Yadav,YS Chahal,42,58,8,2,138.1,19.0,4.76
SM Curran,YS Chahal,28,60,9,0,214.3,32.1,0.0
SO Hetmyer,Arshdeep Singh,30,47,6,1,156.7,20.0,3.33
SO Hetmyer,HV Patel,39,55,6,1,141.0,15.4,2.56
SO Hetmyer,MM Ali,24,27,1,0,112.5,4.2,0.0
SO Hetmyer,Mohammed Siraj,29,47,7,2,162.1,24.1,6.9
SO Hetmyer,Rashid Khan,38,50,6,1,131.6,15.8,2.63
SP Narine,KK Ahmed,24,38,6,1,158.3,25.0,4.17
SP Narine,Mohammed Siraj,26,31,5,2,119.2,19.2,7.69
SP Narine,PJ Cummins,21,47,9,2,223.8,42.9,9.52
SP Narine,R Ashwin,36,73,13,1,202.8,36.1,2.78
SP Narine,Ravi Bishnoi,21,37,6,1,176.2,28.6,4.76
SP Narine,Yash Dayal,23,34,6,1,147.8,26.1,4.35
SS Iyer,AR Patel,44,58,8,0,131.8,18.2,0.0
SS Iyer,JJ Bumrah,32,45,7,0,140.6,21.9,0.0
SS Iyer,JR Hazlewood,21,10,1,4,47.6,4.8,19.05
SS Iyer,Kuldeep Yadav,45,84,10,3,186.7,22.2,6.67
SS Iyer,M Prasidh Krishna,23,51,8,1,221.7,34.8,4.35
SS Iyer,Mohsin Khan,22,6,0,1,27.3,0.0,4.55
SS Iyer,R Ashwin,24,36,4,0,150.0,16.7,0.0
SS Iyer,RA Jadeja,34,37,3,0,108.8,8.8,0.0
SS Iyer,Rashid Khan,25,36,3,0,144.0,12.0,0.0
SS Iyer,SN Thakur,31,54,7,1,174.2,22.6,3.23
SS Iyer,TA Boult,30,45,6,1,150.0,20.0,3.33
SS Iyer,YS Chahal,22,25,2,2,113.6,9.1,9.09
SV Samson,AR Patel,26,40,6,0,153.8,23.1,0.0
SV Samson,Arshdeep Singh,41,69,11,1,168.3,26.8,2.44
SV Samson,Avesh Khan,24,28,3,0,116.7,12.5,0.0
SV Samson,B Kumar,31,30,4,2,96.8,12.9,6.45
SV Samson,CV Varun,30,47,6,0,156.7,20.0,0.0
SV Samson,HH Pandya,24,49,9,1,204.2,37.5,4.17
SV Samson,HV Patel,21,25,3,2,119.0,14.3,9.52
SV Samson,JJ Bumrah,31,38,6,0,122.6,19.4,0.0
SV Samson,JO Holder,20,21,2,2,105.0,10.0,10.0
SV Samson,K Rabada,27,36,7,3,133.3,25.9,11.11
SV Samson,KH Pandya,28,33,3,1,117.9,10.7,3.57
SV Samson,KK Ahmed,47,74,12,1,157.4,25.5,2.13
SV Samson,MM Sharma,21,23,3,0,109.5,14.3,0.0
SV Samson,Mohammed Shami,32,59,12,0,184.4,37.5,0.0
SV Samson,Mohammed Siraj,30,22,3,1,73.3,10.0,3.33
SV Samson,Mohsin Khan,22,45,7,0,204.5,31.8,0.0
SV Samson,Mukesh Kumar,35,63,11,1,180.0,31.4,2.86
SV Samson,PWH de Silva,32,38,6,3,118.8,18.8,9.38
SV Samson,RA Jadeja,28,22,1,1,78.6,3.6,3.57
SV Samson,Rashid Khan,55,77,7,0,140.0,12.7,0.0
SV Samson,Ravi Bishnoi,25,49,8,0,196.0,32.0,0.0
SV Samson,SP Narine,44,31,2,0,70.5,4.5,0.0
SV Samson,Simarjeet Singh,21,28,5,1,133.3,23.8,4.76
SV Samson,T Natarajan,34,64,11,1,188.2,32.4,2.94
SV Samson,UT Yadav,24,40,7,0,166.7,29.2,0.0
SV Samson,YS Chahal,20,31,3,0,155.0,15.0,0.0
SV Samson,Yash Thakur,20,50,8,0,250.0,40.0,0.0
Sameer Rizvi,MJ Santner,20,14,2,1,70.0,10.0,5.0
Shashank Singh,JR Hazlewood,24,45,6,0,187.5,25.0,0.0
Shashank Singh,Noor Ahmad,25,41,5,0,164.0,20.0,0.0
Shashank Singh,RA Jadeja,21,25,3,1,119.0,14.3,4.76
Shubman Gill,AR Patel,54,73,8,0,135.2,14.8,0.0
Shubman Gill,Arshdeep Singh,44,59,7,1,134.1,15.9,2.27
Shubman Gill,Avesh Khan,56,69,7,4,123.2,12.5,7.14
Shubman Gill,B Kumar,45,46,6,3,102.2,13.3,6.67
Shubman Gill,CV Varun,38,63,9,0,165.8,23.7,0.0
Shubman Gill,DL Chahar,57,77,11,4,135.1,19.3,7.02
Shubman Gill,HV Patel,44,61,6,1,138.6,13.6,2.27
Shubman Gill,Harpreet Brar,28,36,3,0,128.6,10.7,0.0
Shubman Gill,I Sharma,22,29,5,1,131.8,22.7,4.55
Shubman Gill,JD Unadkat,27,31,3,0,114.8,11.1,0.0
Shubman Gill,JJ Bumrah,30,28,5,2,93.3,16.7,6.67
Shubman Gill,K Kartikeya,22,34,4,1,154.5,18.2,4.55
Shubman Gill,K Rabada,54,76,10,2,140.7,18.5,3.7
Shubman Gill,KH Pandya,47,55,4,1,117.0,8.5,2.13
Shubman Gill,Kuldeep Yadav,38,73,8,0,192.1,21.1,0.0
Shubman Gill,M Jansen,35,40,5,0,114.3,14.3,0.0
Shubman Gill,M Theekshana,20,32,4,1,160.0,20.0,5.0
Shubman Gill,MJ Santner,27,43,8,0,159.3,29.6,0.0
Shubman Gill,Mohammed Shami,35,66,12,1,188.6,34.3,2.86
Shubman Gill,Mohammed Siraj,39,52,6,1,133.3,15.4,2.56
Shubman Gill,Mustafizur Rahman,28,30,2,0,107.1,7.1,0.0
Shubman Gill,PP Chawla,24,45,5,1,187.5,20.8,4.17
Shubman Gill,PVD Chameera,22,32,5,1,145.5,22.7,4.55
Shubman Gill,R Ashwin,53,84,10,0,158.5,18.9,0.0
Shubman Gill,RA Jadeja,45,63,8,1,140.0,17.8,2.22
Shubman Gill,RD Chahar,28,48,6,1,171.4,21.4,3.57
Shubman Gill,SN Thakur,35,46,6,0,131.4,17.1,0.0
Shubman Gill,SP Narine,34,42,3,2,123.5,8.8,5.88
Shubman Gill,Sandeep Sharma,31,29,3,1,93.5,9.7,3.23
Shubman Gill,Shahbaz Ahmed,21,28,4,1,133.3,19.0,4.76
Shubman Gill,T Natarajan,35,55,6,0,157.1,17.1,0.0
Shubman Gill,TA Boult,51,60,9,1,117.6,17.6,1.96
Shubman Gill,TU Deshpande,36,60,10,2,166.7,27.8,5.56
Shubman Gill,VG Arora,37,60,10,2,162.2,27.0,5.41
Shubman Gill,YS Chahal,53,65,7,3,122.6,13.2,5.66
Shubman Gill,Zeeshan Ansari,22,35,5,0,159.1,22.7,0.0
T Stubbs,B Kumar,20,35,5,2,175.0,25.0,10.0
T Stubbs,KH Pandya,25,27,1,0,108.0,4.0,0.0
T Stubbs,Sandeep Sharma,21,48,7,1,228.6,33.3,4.76
TM Head,A Kamboj,26,41,7,1,157.7,26.9,3.85
TM Head,Arshdeep Singh,20,24,5,2,120.0,25.0,10.0
TM Head,DL Chahar,20,22,3,0,110.0,15.0,0.0
TM Head,Mukesh Kumar,21,47,9,0,223.8,42.9,0.0
TM Head,Sandeep Sharma,23,26,3,1,113.0,13.0,4.35
TM Head,TA Boult,25,27,4,1,108.0,16.0,4.0
TM Head,VG Arora,22,49,9,2,222.7,40.9,9.09
TM Head,YS Chahal,25,50,8,1,200.0,32.0,4.0
Tilak Varma,Akash Deep,20,31,5,0,155.0,25.0,0.0
Tilak Varma,Avesh Khan,22,30,4,0,136.4,18.2,0.0
Tilak Varma,CV Varun,21,32,4,1,152.4,19.0,4.76
Tilak Varma,HV Patel,21,38,5,0,181.0,23.8,0.0
Tilak Varma,Kuldeep Yadav,43,64,8,0,148.8,18.6,0.0
Tilak Varma,M Markande,22,37,5,0,168.2,22.7,0.0
Tilak Varma,M Prasidh Krishna,26,51,8,2,196.2,30.8,7.69
Tilak Varma,PJ Cummins,24,34,5,1,141.7,20.8,4.17
Tilak Varma,R Ashwin,48,60,5,1,125.0,10.4,2.08
Tilak Varma,RA Jadeja,37,49,6,1,132.4,16.2,2.7
Tilak Varma,Rashid Khan,38,46,3,2,121.1,7.9,5.26
Tilak Varma,Ravi Bishnoi,32,54,6,2,168.8,18.8,6.25
Tilak Varma,Suyash Sharma,22,23,4,2,104.5,18.2,9.09
Tilak Varma,TA Boult,28,34,3,0,121.4,10.7,0.0
Tilak Varma,YS Chahal,44,72,9,1,163.6,20.5,2.27
V Kohli,AR Patel,34,36,3,0,105.9,8.8,0.0
V Kohli,Arshdeep Singh,54,91,15,2,168.5,27.8,3.7
V Kohli,Avesh Khan,51,81,15,4,158.8,29.4,7.84
V Kohli,B Kumar,37,65,13,2,175.7,35.1,5.41
V Kohli,CV Varun,32,40,4,1,125.0,12.5,3.12
V Kohli,DL Chahar,23,34,5,0,147.8,21.7,0.0
V Kohli,HH Pandya,20,17,2,2,85.0,10.0,10.0
V Kohli,HV Patel,29,64,11,1,220.7,37.9,3.45
V Kohli,Harpreet Brar,67,74,8,2,110.4,11.9,2.99
V Kohli,Harshit Rana,24,33,3,1,137.5,12.5,4.17
V Kohli,I Sharma,21,36,5,1,171.4,23.8,4.76
V Kohli,JC Archer,37,62,11,1,167.6,29.7,2.7
V Kohli,JD Unadkat,40,48,5,1,120.0,12.5,2.5
V Kohli,JJ Bumrah,30,44,5,2,146.7,16.7,6.67
V Kohli,K Rabada,23,38,6,1,165.2,26.1,4.35
V Kohli,KH Pandya,55,58,4,0,105.5,7.3,0.0
V Kohli,KK Ahmed,28,40,5,0,142.9,17.9,0.0
V Kohli,Kuldeep Yadav,29,38,4,0,131.0,13.8,0.0
V Kohli,LH Ferguson,21,24,3,0,114.3,14.3,0.0
V Kohli,M Theekshana,22,28,2,0,127.3,9.1,0.0
V Kohli,MA Starc,31,59,9,0,190.3,29.0,0.0
V Kohli,MJ Santner,32,43,7,1,134.4,21.9,3.12
V Kohli,Mohammed Shami,54,75,12,1,138.9,22.2,1.85
V Kohli,Noor Ahmad,44,63,9,2,143.2,20.5,4.55
V Kohli,PVD Chameera,20,18,2,2,90.0,10.0,10.0
V Kohli,PWH de Silva,20,27,2,0,135.0,10.0,0.0
V Kohli,R Ashwin,24,21,0,0,87.5,0.0,0.0
V Kohli,R Sai Kishore,24,27,2,0,112.5,8.3,0.0
V Kohli,RA Jadeja,47,56,7,0,119.1,14.9,0.0
V Kohli,RD Chahar,34,37,2,0,108.8,5.9,0.0
V Kohli,Rashid Khan,60,88,9,1,146.7,15.0,1.67
V Kohli,Ravi Bishnoi,34,25,0,2,73.5,0.0,5.88
V Kohli,SM Curran,42,70,10,2,166.7,23.8,4.76
V Kohli,SP Narine,35,37,2,2,105.7,5.7,5.71
V Kohli,Sandeep Sharma,36,68,10,0,188.9,27.8,0.0
V Kohli,T Natarajan,31,65,10,0,209.7,32.3,0.0
V Kohli,TA Boult,51,69,11,1,135.3,21.6,1.96
V Kohli,YS Chahal,47,63,6,1,134.0,12.8,2.13
V Kohli,Yash Dayal,26,48,8,0,184.6,30.8,0.0
V Shankar,Kuldeep Yadav,24,31,3,1,129.2,12.5,4.17
VR Iyer,AR Patel,23,26,3,2,113.0,13.0,8.7
VR Iyer,B Kumar,36,49,8,0,136.1,22.2,0.0
VR Iyer,HV Patel,28,30,3,2,107.1,10.7,7.14
VR Iyer,JJ Bumrah,27,33,5,2,122.2,18.5,7.41
VR Iyer,Mohammed Siraj,34,31,4,0,91.2,11.8,0.0
VR Iyer,NT Ellis,20,33,5,0,165.0,25.0,0.0
VR Iyer,PP Chawla,22,18,1,1,81.8,4.5,4.55
VR Iyer,R Ashwin,31,36,3,0,116.1,9.7,0.0
VR Iyer,RD Chahar,25,26,3,1,104.0,12.0,4.0
VR Iyer,Rashid Khan,28,32,2,1,114.3,7.1,3.57
VR Iyer,Ravi Bishnoi,28,33,4,1,117.9,14.3,3.57
VR Iyer,TA Boult,21,19,1,0,90.5,4.8,0.0
VR Iyer,YS Chahal,20,39,6,2,195.0,30.0,10.0
WG Jacks,Rashid Khan,22,40,5,1,181.8,22.7,4.55
WP Saha,Arshdeep Singh,27,42,6,1,155.6,22.2,3.7
WP Saha,DL Chahar,51,67,9,3,131.4,17.6,5.88
WP Saha,K Rabada,29,38,6,4,131.0,20.7,13.79
WP Saha,KK Ahmed,27,37,7,1,137.0,25.9,3.7
WP Saha,Mohammed Siraj,28,17,3,3,60.7,10.7,10.71
WP Saha,Mukesh Choudhary,21,26,5,0,123.8,23.8,0.0
WP Saha,RA Jadeja,22,27,3,2,122.7,13.6,9.09
WP Saha,Ravi Bishnoi,22,20,2,0,90.9,9.1,0.0
WP Saha,UT Yadav,22,22,4,1,100.0,18.2,4.55
YBK Jaiswal,AU Rashid,22,30,4,0,136.4,18.2,0.0
YBK Jaiswal,Arshdeep Singh,39,73,13,2,187.2,33.3,5.13
YBK Jaiswal,B Kumar,60,102,19,0,170.0,31.7,0.0
YBK Jaiswal,CV Varun,22,25,5,0,113.6,22.7,0.0
YBK Jaiswal,Harpreet Brar,30,32,2,2,106.7,6.7,6.67
YBK Jaiswal,JJ Bumrah,22,29,4,1,131.8,18.2,4.55
YBK Jaiswal,JR Hazlewood,38,93,18,4,244.7,47.4,10.53
YBK Jaiswal,K Rabada,20,23,3,2,115.0,15.0,10.0
YBK Jaiswal,KK Ahmed,38,65,14,2,171.1,36.8,5.26
YBK Jaiswal,M Jansen,31,61,11,1,196.8,35.5,3.23
YBK Jaiswal,M Prasidh Krishna,20,46,8,0,230.0,40.0,0.0
YBK Jaiswal,MJ Henry,20,32,4,0,160.0,20.0,0.0
YBK Jaiswal,MM Ali,23,21,1,2,91.3,4.3,8.7
YBK Jaiswal,MP Stoinis,20,26,3,2,130.0,15.0,10.0
YBK Jaiswal,Mohammed Shami,42,55,10,1,131.0,23.8,2.38
YBK Jaiswal,Mohammed Siraj,55,79,15,1,143.6,27.3,1.82
YBK Jaiswal,Mohsin Khan,20,31,6,1,155.0,30.0,5.0
YBK Jaiswal,PP Chawla,23,46,7,0,200.0,30.4,0.0
YBK Jaiswal,RD Chahar,23,37,4,1,160.9,17.4,4.35
YBK Jaiswal,Rashid Khan,27,28,3,1,103.7,11.1,3.7
YBK Jaiswal,SM Curran,30,45,9,1,150.0,30.0,3.33
YBK Jaiswal,SN Thakur,27,58,12,0,214.8,44.4,0.0
YBK Jaiswal,Sandeep Sharma,30,53,10,1,176.7,33.3,3.33
YBK Jaiswal,VG Arora,21,32,5,1,152.4,23.8,4.76
YBK Jaiswal,Yash Dayal,32,61,11,2,190.6,34.4,6.25
