batter,phase,balls_faced,runs_scored,boundaries,sixes,dots,strike_rate,boundary_pct,dot_pct
A Badoni,death,326,538,41,25,78,165.0,20.2,23.9
A Badoni,middle,408,515,41,16,125,126.2,14.0,30.6
A Badoni,powerplay,83,82,9,3,46,98.8,14.5,55.4
A Manohar,death,94,148,9,10,29,157.4,20.2,30.9
A Manohar,middle,123,132,12,4,49,107.3,13.0,39.8
A Mhatre,middle,85,157,9,12,20,184.7,24.7,23.5
A Mhatre,powerplay,145,275,42,11,57,189.7,36.6,39.3
A Raghuvanshi,death,54,78,7,3,14,144.4,18.5,25.9
A Raghuvanshi,middle,248,350,33,10,61,141.1,17.3,24.6
A Raghuvanshi,powerplay,166,244,30,10,68,147.0,24.1,41.0
AB de Villiers,death,93,206,17,14,17,221.5,33.3,18.3
AB de Villiers,middle,105,101,6,2,42,96.2,7.6,40.0
AD Russell,death,328,591,45,49,125,180.2,28.7,38.1
AD Russell,middle,358,529,34,44,159,147.8,21.8,44.4
AK Markram,death,152,278,20,18,28,182.9,25.0,18.4
AK Markram,middle,674,869,53,31,169,128.9,12.5,25.1
AK Markram,powerplay,374,486,57,18,162,129.9,20.1,43.3
AM Rahane,middle,418,529,29,19,103,126.6,11.5,24.6
AM Rahane,powerplay,477,698,75,35,191,146.3,23.1,40.0
AR Patel,death,289,464,27,28,65,160.6,19.0,22.5
AR Patel,middle,400,509,45,22,150,127.2,16.8,37.5
AR Patel,powerplay,57,61,8,1,28,107.0,15.8,49.1
AT Rayudu,death,139,249,18,18,40,179.1,25.9,28.8
AT Rayudu,middle,315,401,29,21,111,127.3,15.9,35.2
AT Rayudu,powerplay,53,39,4,2,36,73.6,11.3,67.9
Abdul Samad,death,254,430,26,32,71,169.3,22.8,28.0
Abdul Samad,middle,234,272,18,13,89,116.2,13.2,38.0
Abhishek Sharma,death,62,92,7,5,19,148.4,19.4,30.6
Abhishek Sharma,middle,400,710,45,50,103,177.5,23.8,25.8
Abhishek Sharma,powerplay,733,1251,148,66,283,170.7,29.2,38.6
Abishek Porel,middle,223,312,22,12,55,139.9,15.2,24.7
Abishek Porel,powerplay,215,317,39,12,87,147.4,23.7,40.5
Aman Hakim Khan,middle,58,52,2,3,28,89.7,8.6,48.3
Aniket Verma,death,77,143,8,12,20,185.7,26.0,26.0
Aniket Verma,middle,95,149,7,13,34,156.8,21.1,35.8
Anmolpreet Singh,powerplay,91,116,17,3,44,127.5,22.0,48.4
Anuj Rawat,death,81,142,11,9,19,175.3,24.7,23.5
Anuj Rawat,middle,98,93,6,2,37,94.9,8.2,37.8
Anuj Rawat,powerplay,88,83,9,3,49,94.3,13.6,55.7
Arshad Khan,death,58,85,4,6,19,146.6,17.2,32.8
Ashutosh Sharma,death,156,286,21,19,36,183.3,25.6,23.1
Ashutosh Sharma,middle,104,140,6,11,38,134.6,16.3,36.5
Atharva Taide,middle,74,103,10,2,18,139.2,16.2,24.3
Atharva Taide,powerplay,103,157,20,6,40,152.4,25.2,38.8
Azmatullah Omarzai,middle,56,70,4,4,20,125.0,14.3,35.7
B Kumar,death,125,118,11,0,46,94.4,8.8,36.8
B Sai Sudharsan,death,120,246,20,16,23,205.0,30.0,19.2
B Sai Sudharsan,middle,696,1031,85,34,144,148.1,17.1,20.7
B Sai Sudharsan,powerplay,610,838,110,20,229,137.4,21.3,37.5
C Connolly,middle,91,178,13,13,20,195.6,28.6,22.0
C Connolly,powerplay,58,69,8,4,31,119.0,20.7,53.4
C Green,death,126,233,21,11,20,184.9,25.4,15.9
C Green,middle,305,426,24,24,89,139.7,15.7,29.2
C Green,powerplay,157,244,33,7,55,155.4,25.5,35.0
CH Gayle,middle,85,100,8,5,37,117.6,15.3,43.5
CH Gayle,powerplay,56,68,11,1,26,121.4,21.4,46.4
D Brevis,middle,248,369,19,28,89,148.8,19.0,35.9
D Brevis,powerplay,74,85,11,3,39,114.9,18.9,52.7
D Ferreira,death,50,74,4,7,24,148.0,22.0,48.0
D Ferreira,middle,68,103,14,2,20,151.5,23.5,29.4
D Padikkal,death,86,127,18,2,27,147.7,23.3,31.4
D Padikkal,middle,576,770,61,35,180,133.7,16.7,31.2
D Padikkal,powerplay,515,678,84,27,237,131.7,21.6,46.0
DA Miller,death,423,694,54,36,98,164.1,21.3,23.2
DA Miller,middle,494,615,47,21,144,124.5,13.8,29.1
DA Miller,powerplay,54,41,5,0,31,75.9,9.3,57.4
DA Warner,death,61,75,9,1,21,123.0,16.4,34.4
DA Warner,middle,396,492,40,15,118,124.2,13.9,29.8
DA Warner,powerplay,528,744,104,25,243,140.9,24.4,46.0
DJ Hooda,death,99,138,11,7,31,139.4,18.2,31.3
DJ Hooda,middle,437,571,35,23,120,130.7,13.3,27.5
DJ Hooda,powerplay,153,162,20,3,74,105.9,15.0,48.4
DJ Mitchell,middle,151,208,14,8,36,137.7,14.6,23.8
DJ Mitchell,powerplay,78,97,11,2,30,124.4,16.7,38.5
DP Conway,death,63,96,11,2,14,152.4,20.6,22.2
DP Conway,middle,342,521,45,21,78,152.3,19.3,22.8
DP Conway,powerplay,368,463,61,11,148,125.8,19.6,40.2
Dhruv Jurel,death,258,464,32,28,55,179.8,23.3,21.3
Dhruv Jurel,middle,297,389,35,16,104,131.0,17.2,35.0
E Lewis,powerplay,91,145,18,7,38,159.3,27.5,41.8
EJG Morgan,middle,79,72,3,3,33,91.1,7.6,41.8
F du Plessis,death,134,237,20,12,32,176.9,23.9,23.9
F du Plessis,middle,673,935,56,38,155,138.9,14.0,23.0
F du Plessis,powerplay,927,1299,159,51,374,140.1,22.7,40.3
GD Phillips,middle,51,52,1,3,21,102.0,7.8,41.2
GJ Maxwell,death,173,325,34,17,46,187.9,29.5,26.6
GJ Maxwell,middle,548,789,57,45,178,144.0,18.6,32.5
GJ Maxwell,powerplay,123,200,28,8,52,162.6,29.3,42.3
H Klaasen,death,322,636,44,43,66,197.5,27.0,20.5
H Klaasen,middle,668,1047,66,55,145,156.7,18.1,21.7
H Klaasen,powerplay,58,80,8,4,26,137.9,20.7,44.8
HC Brook,powerplay,84,96,14,2,44,114.3,19.0,52.4
HH Pandya,death,337,520,40,26,91,154.3,19.6,27.0
HH Pandya,middle,615,826,69,32,195,134.3,16.4,31.7
HH Pandya,powerplay,141,151,24,0,71,107.1,17.0,50.4
HV Patel,death,99,116,10,4,36,117.2,14.1,36.4
Harpreet Brar,death,137,184,13,8,40,134.3,15.3,29.2
Harpreet Brar,middle,54,40,4,1,31,74.1,9.3,57.4
Ishan Kishan,death,98,179,17,10,26,182.7,27.6,26.5
Ishan Kishan,middle,603,853,71,34,162,141.5,17.4,26.9
Ishan Kishan,powerplay,749,1067,135,42,323,142.5,23.6,43.1
J Fraser-McGurk,powerplay,144,298,35,22,60,206.9,39.6,41.7
J Overton,death,63,104,12,4,17,165.1,25.4,27.0
JC Buttler,death,241,489,40,32,54,202.9,29.9,22.4
JC Buttler,middle,783,1167,109,44,210,149.0,19.5,26.8
JC Buttler,powerplay,766,1020,123,43,357,133.2,21.7,46.6
JD Unadkat,death,87,128,9,6,27,147.1,17.2,31.0
JG Bethell,powerplay,50,88,11,5,20,176.0,32.0,40.0
JJ Roy,middle,111,166,15,7,29,149.5,19.8,26.1
JJ Roy,powerplay,198,269,42,6,89,135.9,24.2,44.9
JM Bairstow,middle,209,262,23,11,77,125.4,16.3,36.8
JM Bairstow,powerplay,350,579,69,30,135,165.4,28.3,38.6
JM Sharma,death,242,445,32,33,71,183.9,26.9,29.3
JM Sharma,middle,419,595,48,32,154,142.0,19.1,36.8
JO Holder,death,92,135,3,12,33,146.7,16.3,35.9
JP Inglis,middle,76,122,10,6,19,160.5,21.1,25.0
JP Inglis,powerplay,77,128,11,10,37,166.2,27.3,48.1
K Rabada,death,82,111,8,7,29,135.4,18.3,35.4
KA Pollard,death,176,250,15,16,62,142.0,17.6,35.2
KA Pollard,middle,123,139,7,9,51,113.0,13.0,41.5
KD Karthik,death,406,742,63,46,110,182.8,26.8,27.1
KD Karthik,middle,222,277,26,10,79,124.8,16.2,35.6
KH Pandya,death,216,314,28,11,60,145.4,18.1,27.8
KH Pandya,middle,380,426,25,16,143,112.1,10.8,37.6
KH Pandya,powerplay,56,52,8,0,32,92.9,14.3,57.1
KK Nair,middle,64,102,11,4,13,159.4,23.4,20.3
KK Nair,powerplay,69,114,15,6,31,165.2,30.4,44.9
KL Rahul,death,248,435,41,20,48,175.4,24.6,19.4
KL Rahul,middle,881,1313,87,58,190,149.0,16.5,21.6
KL Rahul,powerplay,954,1185,126,45,399,124.2,17.9,41.8
KR Mayers,middle,58,97,4,9,18,167.2,22.4,31.0
KR Mayers,powerplay,205,282,34,13,101,137.6,22.9,49.3
KS Bharat,middle,85,102,5,4,26,120.0,10.6,30.6
KS Bharat,powerplay,59,65,7,2,24,110.2,15.3,40.7
KS Williamson,death,54,87,11,2,12,161.1,24.1,22.2
KS Williamson,middle,213,219,11,5,74,102.8,7.5,34.7
KS Williamson,powerplay,226,203,27,3,123,89.8,13.3,54.4
Kuldeep Yadav,death,149,135,11,3,66,90.6,9.4,44.3
LS Livingstone,death,157,344,19,33,39,219.1,33.1,24.8
LS Livingstone,middle,384,530,31,32,116,138.0,16.4,30.2
LS Livingstone,powerplay,98,122,14,6,52,124.5,20.4,53.1
Lalit Yadav,death,80,94,10,2,25,117.5,15.0,31.2
Lalit Yadav,middle,178,186,14,5,66,104.5,10.7,37.1
M Jansen,death,108,118,6,6,37,109.3,11.1,34.3
M Shahrukh Khan,death,240,398,26,26,67,165.8,21.7,27.9
M Shahrukh Khan,middle,255,346,20,25,98,135.7,17.6,38.4
M Vohra,powerplay,61,71,7,4,31,116.4,18.0,50.8
MA Agarwal,middle,308,424,37,14,81,137.7,16.6,26.3
MA Agarwal,powerplay,463,575,70,15,197,124.2,18.4,42.5
MD Choudhary,death,69,107,4,10,26,155.1,20.3,37.7
MJ Santner,death,58,68,5,3,19,117.2,13.8,32.8
MK Lomror,death,119,203,19,10,25,170.6,24.4,21.0
MK Lomror,middle,155,225,9,16,41,145.2,16.1,26.5
MK Pandey,death,71,108,5,6,14,152.1,15.5,19.7
MK Pandey,middle,345,421,30,12,104,122.0,12.2,30.1
MK Pandey,powerplay,142,145,17,4,75,102.1,14.8,52.8
MM Ali,death,114,188,12,13,35,164.9,21.9,30.7
MM Ali,middle,364,464,35,21,123,127.5,15.4,33.8
MM Ali,powerplay,162,206,27,10,88,127.2,22.8,54.3
MP Stoinis,death,272,559,40,45,66,205.5,31.2,24.3
MP Stoinis,middle,422,555,36,29,137,131.5,15.4,32.5
MP Stoinis,powerplay,153,197,27,6,77,128.8,21.6,50.3
MR Marsh,middle,378,548,45,27,109,145.0,19.0,28.8
MR Marsh,powerplay,447,649,62,38,182,145.2,22.4,40.7
MS Dhoni,death,410,699,55,47,128,170.5,24.9,31.2
MS Dhoni,middle,150,99,6,1,75,66.0,4.7,50.0
MS Wade,middle,53,50,4,0,18,94.3,7.5,34.0
MS Wade,powerplay,91,111,19,2,48,122.0,23.1,52.7
MW Short,powerplay,89,114,16,4,45,128.1,22.5,50.6
Mohammed Shami,death,53,58,4,3,24,109.4,13.2,45.3
Mohammed Siraj,death,76,66,6,3,45,86.8,11.8,59.2
N Jagadeesan,powerplay,58,63,10,1,31,108.6,19.0,53.4
N Pooran,death,386,683,53,45,110,176.9,25.4,28.5
N Pooran,middle,651,1019,62,76,216,156.5,21.2,33.2
N Pooran,powerplay,106,152,15,11,56,143.4,24.5,52.8
N Rana,death,123,206,18,13,38,167.5,25.2,30.9
N Rana,middle,664,935,76,46,207,140.8,18.4,31.2
N Rana,powerplay,348,444,61,18,180,127.6,22.7,51.7
N Wadhera,death,90,154,10,13,33,171.1,25.6,36.7
N Wadhera,middle,418,577,50,27,143,138.0,18.4,34.2
Naman Dhir,death,135,262,25,15,32,194.1,29.6,23.7
Naman Dhir,middle,100,158,13,8,25,158.0,21.0,25.0
Naman Dhir,powerplay,86,126,14,6,33,146.5,23.3,38.4
Nithish Kumar Reddy,death,89,169,8,15,26,189.9,25.8,29.2
Nithish Kumar Reddy,middle,299,416,28,21,89,139.1,16.4,29.8
Nithish Kumar Reddy,powerplay,80,72,4,3,41,90.0,8.8,51.2
P Nissanka,powerplay,83,135,19,5,30,162.7,28.9,36.1
P Simran Singh,middle,340,551,42,31,84,162.1,21.5,24.7
P Simran Singh,powerplay,682,1059,127,52,288,155.3,26.2,42.2
PBB Rajapaksa,middle,135,194,14,10,41,143.7,17.8,30.4
PD Salt,middle,214,383,32,23,52,179.0,25.7,24.3
PD Salt,powerplay,488,840,102,42,179,172.1,29.5,36.7
PJ Cummins,death,165,286,15,23,51,173.3,23.0,30.9
PJ Cummins,middle,68,103,10,6,26,151.5,23.5,38.2
PK Garg,middle,88,105,5,4,23,119.3,10.2,26.1
PP Shaw,middle,187,278,23,13,48,148.7,19.3,25.7
PP Shaw,powerplay,503,788,116,21,194,156.7,27.2,38.6
PWH de Silva,death,53,56,5,1,23,105.7,11.3,43.4
Priyansh Arya,middle,110,225,13,20,28,204.5,30.0,25.5
Priyansh Arya,powerplay,302,603,68,37,102,199.7,34.8,33.8
Q de Kock,death,69,162,15,11,12,234.8,37.7,17.4
Q de Kock,middle,419,558,44,17,102,133.2,14.6,24.3
Q de Kock,powerplay,595,762,74,39,267,128.1,19.0,44.9
R Ashwin,death,105,167,12,7,16,159.0,18.1,15.2
R Ashwin,middle,180,188,8,8,66,104.4,8.9,36.7
R Parag,death,277,429,27,30,93,154.9,20.6,33.6
R Parag,middle,617,860,52,47,187,139.4,16.0,30.3
R Parag,powerplay,101,148,17,9,49,146.5,25.7,48.5
R Powell,death,152,288,21,23,48,189.5,28.9,31.6
R Powell,middle,174,183,9,11,80,105.2,11.5,46.0
R Ravindra,middle,78,114,5,6,16,146.2,14.1,20.5
R Ravindra,powerplay,200,275,35,7,76,137.5,21.0,38.0
R Shepherd,death,75,168,13,15,21,224.0,37.3,28.0
R Tewatia,death,350,575,51,31,99,164.3,23.4,28.3
R Tewatia,middle,231,220,19,4,96,95.2,10.0,41.6
RA Jadeja,death,482,774,54,37,97,160.6,18.9,20.1
RA Jadeja,middle,365,390,29,4,111,106.8,9.0,30.4
RA Jadeja,powerplay,52,69,11,1,23,132.7,23.1,44.2
RA Tripathi,death,58,86,7,5,21,148.3,20.7,36.2
RA Tripathi,middle,507,724,62,27,138,142.8,17.6,27.2
RA Tripathi,powerplay,364,493,65,16,155,135.4,22.3,42.6
RD Chahar,death,91,108,11,5,46,118.7,17.6,50.5
RD Gaikwad,death,133,245,20,14,31,184.2,25.6,23.3
RD Gaikwad,middle,709,999,64,45,186,140.9,15.4,26.2
RD Gaikwad,powerplay,956,1232,148,36,397,128.9,19.2,41.5
RD Rickelton,middle,94,144,10,10,32,153.2,21.3,34.0
RD Rickelton,powerplay,249,380,46,19,109,152.6,26.1,43.8
RG Sharma,middle,417,566,53,21,125,135.7,17.7,30.0
RG Sharma,powerplay,963,1338,138,73,443,138.9,21.9,46.0
RK Singh,death,365,704,63,46,98,192.9,29.9,26.8
RK Singh,middle,441,497,34,14,146,112.7,10.9,33.1
RM Patidar,death,93,179,12,16,30,192.5,30.1,32.3
RM Patidar,middle,561,960,47,71,125,171.1,21.0,22.3
RM Patidar,powerplay,179,210,29,4,76,117.3,18.4,42.5
RR Pant,death,255,470,40,29,74,184.3,27.1,29.0
RR Pant,middle,738,961,84,36,246,130.2,16.3,33.3
RR Pant,powerplay,195,232,30,8,97,119.0,19.5,49.7
RR Rossouw,middle,153,240,16,16,51,156.9,20.9,33.3
RR Rossouw,powerplay,76,119,22,2,35,156.6,31.6,46.1
RV Uthappa,middle,91,127,4,8,24,139.6,13.2,26.4
RV Uthappa,powerplay,149,187,22,7,71,125.5,19.5,47.7
Rahmanullah Gurbaz,middle,73,111,8,7,24,152.1,20.5,32.9
Rahmanullah Gurbaz,powerplay,195,252,26,15,100,129.2,21.0,51.3
Ramandeep Singh,death,90,172,12,12,22,191.1,26.7,24.4
Ramandeep Singh,middle,112,125,5,7,40,111.6,10.7,35.7
Rashid Khan,death,233,388,31,25,79,166.5,24.0,33.9
Rashid Khan,middle,62,86,5,5,24,138.7,16.1,38.7
S Dhawan,death,87,151,14,9,25,173.6,26.4,28.7
S Dhawan,middle,507,645,60,14,139,127.2,14.6,27.4
S Dhawan,powerplay,634,776,103,21,284,122.4,19.6,44.8
S Dube,death,358,619,39,45,101,172.9,23.5,28.2
S Dube,middle,859,1184,74,70,282,137.8,16.8,32.8
SA Yadav,death,205,423,41,30,64,206.3,34.6,31.2
SA Yadav,middle,1019,1642,162,71,278,161.1,22.9,27.3
SA Yadav,powerplay,282,379,47,13,127,134.4,21.3,45.0
SB Dubey,death,68,136,9,10,14,200.0,27.9,20.6
SD Hope,middle,52,94,2,8,10,180.8,19.2,19.2
SD Hope,powerplay,60,78,9,4,31,130.0,21.7,51.7
SE Rutherford,death,125,196,11,15,40,156.8,20.8,32.0
SE Rutherford,middle,148,227,16,15,48,153.4,20.9,32.4
SK Raina,middle,82,108,5,8,33,131.7,15.9,40.2
SK Rasheed,powerplay,60,69,9,2,32,115.0,18.3,53.3
SM Curran,death,165,300,24,19,44,181.8,26.1,26.7
SM Curran,middle,292,337,27,6,88,115.4,11.3,30.1
SM Curran,powerplay,78,79,9,1,32,101.3,12.8,41.0
SN Khan,middle,106,108,10,1,38,101.9,10.4,35.8
SN Khan,powerplay,85,136,19,6,37,160.0,29.4,43.5
SN Thakur,death,136,186,16,8,49,136.8,17.6,36.0
SN Thakur,middle,70,105,10,4,18,150.0,20.0,25.7
SO Hetmyer,death,494,852,56,56,131,172.5,22.7,26.5
SO Hetmyer,middle,337,418,26,20,118,124.0,13.6,35.0
SP Narine,death,69,102,7,8,26,147.8,21.7,37.7
SP Narine,middle,167,302,22,25,62,180.8,28.1,37.1
SP Narine,powerplay,322,524,59,35,141,162.7,29.2,43.8
SPD Smith,middle,76,86,7,0,18,113.2,9.2,23.7
SS Iyer,death,243,472,33,35,55,194.2,28.0,22.6
SS Iyer,middle,729,1051,67,51,181,144.2,16.2,24.8
SS Iyer,powerplay,258,317,43,5,112,122.9,18.6,43.4
SS Prabhudessai,middle,74,94,9,2,27,127.0,14.9,36.5
SS Tiwary,middle,71,75,4,2,21,105.6,8.5,29.6
SV Samson,death,216,415,35,26,51,192.1,28.2,23.6
SV Samson,middle,887,1267,82,68,238,142.8,16.9,26.8
SV Samson,powerplay,527,742,104,25,238,140.8,24.5,45.2
SW Billings,middle,103,116,4,7,37,112.6,10.7,35.9
Sameer Rizvi,death,51,99,7,7,12,194.1,27.5,23.5
Sameer Rizvi,middle,179,264,20,15,61,147.5,19.6,34.1
Shahbaz Ahmed,death,193,277,16,16,59,143.5,16.6,30.6
Shahbaz Ahmed,middle,244,261,14,8,78,107.0,9.0,32.0
Shashank Singh,death,248,489,36,32,47,197.2,27.4,19.0
Shashank Singh,middle,253,320,20,15,77,126.5,13.8,30.4
Shubman Gill,death,184,318,23,17,37,172.8,21.7,20.1
Shubman Gill,middle,984,1452,104,54,213,147.6,16.1,21.6
Shubman Gill,powerplay,1091,1487,188,38,420,136.3,20.7,38.5
Sikandar Raza,middle,93,127,9,6,34,136.6,16.1,36.6
T Kohler-Cadmore,powerplay,51,47,7,1,30,92.2,15.7,58.8
T Stubbs,death,249,516,45,29,40,207.2,29.7,16.1
T Stubbs,middle,301,358,16,14,79,118.9,10.0,26.2
TA Boult,death,61,66,4,2,24,108.2,9.8,39.3
TH David,death,401,788,49,63,106,196.5,27.9,26.4
TH David,middle,181,241,17,12,59,133.1,16.0,32.6
TM Head,middle,193,301,23,16,51,156.0,20.2,26.4
TM Head,powerplay,463,826,113,39,171,178.4,32.8,36.9
Tilak Varma,death,245,478,40,31,58,195.1,29.0,23.7
Tilak Varma,middle,755,1026,77,43,218,135.9,15.9,28.9
Tilak Varma,powerplay,144,176,17,7,58,122.2,16.7,40.3
UT Yadav,death,69,84,5,5,30,121.7,14.5,43.5
V Kohli,death,150,260,22,12,32,173.3,22.7,21.3
V Kohli,middle,994,1287,83,47,256,129.5,13.1,25.8
V Kohli,powerplay,1095,1587,200,45,382,144.9,22.4,34.9
V Shankar,death,127,227,11,16,26,178.7,21.3,20.5
V Shankar,middle,217,251,20,5,62,115.7,11.5,28.6
V Shankar,powerplay,94,101,13,2,46,107.4,16.0,48.9
V Suryavanshi,middle,90,189,12,18,26,210.0,33.3,28.9
V Suryavanshi,powerplay,200,463,40,43,74,231.5,41.5,37.0
VR Iyer,death,104,172,16,9,32,165.4,24.0,30.8
VR Iyer,middle,523,729,51,33,147,139.4,16.1,28.1
VR Iyer,powerplay,457,596,70,25,213,130.4,20.8,46.6
WG Jacks,middle,169,244,17,15,54,144.4,18.9,32.0
WG Jacks,powerplay,128,190,20,10,51,148.4,23.4,39.8
WP Saha,middle,214,213,15,0,59,99.5,7.0,27.6
WP Saha,powerplay,559,713,95,23,249,127.5,21.1,44.5
Washington Sundar,death,166,237,20,8,46,142.8,16.9,27.7
Washington Sundar,middle,152,186,18,4,47,122.4,14.5,30.9
YBK Jaiswal,middle,566,789,67,30,150,139.4,17.1,26.5
YBK Jaiswal,powerplay,958,1555,217,67,420,162.3,29.6,43.8
