player,display_name,bat_balls,bowl_balls,role
Abhishek Sharma,Abhishek Sharma,1195,281,allrounder
AK Markram,Aiden Markram,1200,222,allrounder
AD Russell,Andre Russell,690,666,allrounder
Arshad Khan,Arshad Khan,88,297,bowler
AR Patel,Axar Patel,746,1440,allrounder
Azmatullah Omarzai,Azmatullah Omarzai,74,288,allrounder
B Kumar,Bhuvneshwar Kumar,166,1715,bowler
C Green,Cameron Green,588,489,allrounder
RD Chahar,Deepak Chahar,107,1053,bowler
DJ Hooda,Deepak Hooda,689,150,batter
GJ Maxwell,Glenn Maxwell,844,476,allrounder
HH Pandya,Hardik Pandya,1093,856,allrounder
Harpreet Brar,Harpreet Brar,191,782,allrounder
HV Patel,Harshal Patel,140,1562,allrounder
J Overton,Jamie Overton,93,150,allrounder
JO Holder,Jason Holder,137,658,allrounder
JD Unadkat,Jaydev Unadkat,102,707,bowler
K Rabada,Kagiso Rabada,103,1293,bowler
KA Pollard,Kieron Pollard,299,164,allrounder
KH Pandya,Krunal Pandya,652,1317,allrounder
Kuldeep Yadav,Kuldeep Yadav,178,1308,bowler
Lalit Yadav,Lalit Yadav,290,289,allrounder
LS Livingstone,Liam Livingstone,639,306,allrounder
MK Lomror,Mahipal Lomror,295,72,allrounder
M Jansen,Marco Jansen,140,907,allrounder
MP Stoinis,Marcus Stoinis,847,357,allrounder
MR Marsh,Mitchell Marsh,866,242,allrounder
MJ Santner,Mitchell Santner,100,561,allrounder
MM Ali,Moeen Ali,640,596,allrounder
Mohammed Shami,Mohammed Shami,54,1443,bowler
Mohammed Siraj,Mohammed Siraj,76,1763,bowler
Naman Dhir,Naman Dhir,321,52,allrounder
Nithish Kumar Reddy,Nithish Kumar Reddy,468,255,allrounder
N Rana,Nitish Rana,1135,113,allrounder
PJ Cummins,Pat Cummins,233,969,allrounder
R Tewatia,Rahul Tewatia,581,271,allrounder
Ramandeep Singh,Ramandeep Singh,205,56,allrounder
Rashid Khan,Rashid Khan,295,1887,allrounder
R Ashwin,Ravichandran Ashwin,332,1482,allrounder
RA Jadeja,Ravindra Jadeja,899,1462,allrounder
R Parag,Riyan Parag,995,223,allrounder
R Shepherd,Romario Shepherd,112,283,allrounder
SM Curran,Sam Curran,535,807,allrounder
Shahbaz Ahmed,Shahbaz Ahmed,463,560,allrounder
SN Thakur,Shardul Thakur,210,1262,allrounder
Shashank Singh,Shashank Singh,526,60,allrounder
S Dube,Shivam Dube,1263,78,allrounder
Sikandar Raza,Sikandar Raza,136,85,allrounder
SP Narine,Sunil Narine,558,1726,allrounder
TA Boult,Trent Boult,68,1629,bowler
UT Yadav,Umesh Yadav,73,533,bowler
VR Iyer,Venkatesh Iyer,1084,82,allrounder
V Shankar,Vijay Shankar,438,76,allrounder
PWH de Silva,Wanindu Hasaranga,88,798,bowler
Washington Sundar,Washington Sundar,363,497,allrounder
WG Jacks,Will Jacks,303,139,allrounder
AB de Villiers,AB de Villiers,211,0,batter
Abdul Samad,Abdul Samad,488,15,batter
Abishek Porel,Abishek Porel,474,0,batter
AM Rahane,Ajinkya Rahane,905,0,batter
Aman Hakim Khan,Aman Hakim Khan,104,6,batter
AT Rayudu,Ambati Rayudu,507,0,batter
Aniket Verma,Aniket Verma,188,0,batter
A Raghuvanshi,Ankrish Raghuvanshi,468,0,batter
Anmolpreet Singh,Anmolpreet Singh,115,0,batter
Anuj Rawat,Anuj Rawat,267,0,batter
Ashutosh Sharma,Ashutosh Sharma,260,0,batter
A Manohar,Atharva Manohar,235,0,batter
Atharva Taide,Atharva Taide,177,1,batter
A Badoni,Ayush Badoni,817,41,batter
A Mhatre,Ayush Mhatre,240,0,batter
B Sai Sudharsan,B Sai Sudharsan,1426,0,batter
PBB Rajapaksa,Bhanuka Rajapaksa,191,0,batter
CH Gayle,Chris Gayle,154,0,batter
C Connolly,Cooper Connolly,160,0,batter
DJ Mitchell,Daryl Mitchell,267,48,batter
DA Miller,David Miller,971,0,batter
DA Warner,David Warner,985,0,batter
D Padikkal,Devdutt Padikkal,1177,0,batter
DP Conway,Devon Conway,773,0,batter
D Brevis,Dewald Brevis,350,3,batter
Dhruv Jurel,Dhruv Jurel,604,0,batter
KD Karthik,Dinesh Karthik,628,0,batter
D Ferreira,Donovan Ferreira,129,6,batter
EJG Morgan,Eoin Morgan,139,0,batter
E Lewis,Evin Lewis,149,0,batter
F du Plessis,Faf du Plessis,1734,0,batter
GD Phillips,Glenn Phillips,109,30,batter
HC Brook,Harry Brook,154,0,batter
H Klaasen,Heinrich Klaasen,1048,0,batter
Ishan Kishan,Ishan Kishan,1450,1,batter
JG Bethell,Jacob Bethell,60,0,batter
J Fraser-McGurk,Jake Fraser-McGurk,193,0,batter
JJ Roy,Jason Roy,309,0,batter
JM Bairstow,Jonny Bairstow,591,0,batter
JC Buttler,Jos Buttler,1790,0,batter
JP Inglis,Josh Inglis,171,0,batter
KL Rahul,KL Rahul,2083,0,batter
KS Bharat,KS Bharat,163,0,batter
KS Williamson,Kane Williamson,493,0,batter
KK Nair,Karun Nair,138,0,batter
KR Mayers,Kyle Mayers,263,44,batter
M Shahrukh Khan,M Shahrukh Khan,516,18,batter
MS Dhoni,MS Dhoni,570,0,batter
M Vohra,Manan Vohra,61,0,batter
MK Pandey,Manish Pandey,558,0,batter
MW Short,Matt Short,129,43,batter
MS Wade,Matthew Wade,144,0,batter
MA Agarwal,Mayank Agarwal,805,0,batter
JM Sharma,Jitesh Sharma,684,0,batter
MD Choudhary,Mukesh Choudhary,107,0,batter
N Jagadeesan,Narayan Jagadeesan,118,0,batter
N Pooran,Nicholas Pooran,1143,0,batter
N Wadhera,Nishant Wadhera,554,17,batter
P Nissanka,Pathum Nissanka,98,0,batter
PD Salt,Phil Salt,721,0,batter
P Simran Singh,Prabhsimran Singh,1048,0,batter
PP Shaw,Prithvi Shaw,692,0,batter
PK Garg,Priyam Garg,130,0,batter
Priyansh Arya,Priyansh Arya,412,0,batter
Q de Kock,Quinton de Kock,1083,0,batter
R Ravindra,Rachin Ravindra,287,12,batter
Rahmanullah Gurbaz,Rahmanullah Gurbaz,269,0,batter
RA Tripathi,Rahul Tripathi,929,0,batter
RM Patidar,Rajat Patidar,833,0,batter
RR Rossouw,Rilee Rossouw,257,0,batter
RK Singh,Rinku Singh,833,0,batter
RR Pant,Rishabh Pant,1188,0,batter
RV Uthappa,Robin Uthappa,255,0,batter
RG Sharma,Rohit Sharma,1413,7,batter
R Powell,Rovman Powell,339,19,batter
RD Gaikwad,Ruturaj Gaikwad,1798,0,batter
RD Rickelton,Ryan Rickelton,345,0,batter
SW Billings,Sam Billings,138,0,batter
Sameer Rizvi,Sameer Rizvi,262,0,batter
SV Samson,Sanju Samson,1630,0,batter
SN Khan,Sarfaraz Khan,228,0,batter
SB Dubey,Saurabh Dubey,108,0,batter
SS Tiwary,Saurabh Tiwary,97,0,batter
SD Hope,Shai Hope,122,0,batter
SK Rasheed,Shaik Rasheed,63,0,batter
S Dhawan,Shikhar Dhawan,1228,0,batter
SO Hetmyer,Shimron Hetmyer,840,0,batter
SE Rutherford,Shimron Rutherford,289,0,batter
SS Iyer,Shreyas Iyer,1230,6,batter
Shubman Gill,Shubman Gill,2259,0,batter
SPD Smith,Steve Smith,135,0,batter
SK Raina,Suresh Raina,128,0,batter
SA Yadav,Suryakumar Yadav,1506,0,batter
SS Prabhudessai,Suyash Prabhudessai,106,0,batter
Tilak Varma,Tilak Varma,1144,22,batter
TH David,Tim David,582,6,batter
T Kohler-Cadmore,Tom Kohler-Cadmore,54,0,batter
TM Head,Travis Head,656,10,batter
T Stubbs,Tristan Stubbs,578,36,batter
V Suryavanshi,Vaibhav Suryavanshi,290,0,batter
V Kohli,Virat Kohli,2239,0,batter
WP Saha,Wriddhiman Saha,801,0,batter
YBK Jaiswal,Yashasvi Jaiswal,1566,1,batter
Abhinandan Singh,Abhinandan Singh,0,58,bowler
AF Milne,Adam Milne,17,100,bowler
A Zampa,Adam Zampa,16,180,bowler
AU Rashid,Adil Rashid,16,60,bowler
Akash Deep,Akash Deep,14,282,bowler
Akash Madhwal,Akash Madhwal,14,359,bowler
Akash Singh,Akash Singh,0,205,bowler
AJ Hosein,Akeal Hosein,12,108,bowler
AS Joseph,Alzarri Joseph,19,383,bowler
A Mishra,Amit Mishra,30,210,bowler
AJ Tye,Andrew Tye,0,66,bowler
A Nortje,Anrich Nortje,44,762,bowler
A Kamboj,Anshul Kamboj,44,361,bowler
AS Roy,Anukul Roy,52,239,bowler
Arjun Tendulkar,Arjun Tendulkar,9,74,bowler
Arshdeep Singh,Arshdeep Singh,43,1690,bowler
Ashok Sharma,Ashok Sharma,4,127,bowler
Ashwani Kumar,Ashwani Kumar,6,173,bowler
Avesh Khan,Avesh Khan,40,1544,bowler
Basil Thampi,Basil Thampi,0,96,bowler
Brijesh Sharma,Brijesh Sharma,3,118,bowler
C Sakariya,Chetan Sakariya,31,449,bowler
CJ Jordan,Chris Jordan,41,283,bowler
CH Morris,Chris Morris,49,246,bowler
CR Woakes,Chris Woakes,11,67,bowler
C Bosch,Corbin Bosch,36,61,bowler
DT Christian,Dan Christian,24,100,bowler
DR Sams,Daniel Sams,42,289,bowler
DG Nalkande,Darshan Nalkande,12,85,bowler
DJ Willey,David Willey,62,156,bowler
DL Chahar,Deepak Chahar,33,956,bowler
DS Rathi,Digvesh Rathi,8,458,bowler
PVD Chameera,Dushmantha Chameera,45,399,bowler
D Pretorius,Dwaine Pretorius,28,150,bowler
DJ Bravo,Dwayne Bravo,42,411,bowler
E Malinga,Eshan Malinga,0,322,bowler
FA Allen,Fabian Allen,19,90,bowler
Fazalhaq Farooqi,Fazalhaq Farooqi,15,254,bowler
GHS Garton,George Garton,4,92,bowler
G Coetzee,Gerald Coetzee,33,274,bowler
Gurjapneet Singh,Gurjapneet Singh,0,85,bowler
Harsh Dubey,Harsh Dubey,9,162,bowler
Harshit Rana,Harshit Rana,56,653,bowler
HR Shokeen,Hrithik Shokeen,65,206,bowler
I Sharma,Ishant Sharma,8,496,bowler
JA Duffy,Jacob Duffy,0,73,bowler
J Suchith,Jagadeesha Suchith,14,150,bowler
JP Behrendorff,Jason Behrendorff,9,252,bowler
JJ Bumrah,Jasprit Bumrah,45,1415,bowler
J Yadav,Jayant Yadav,26,126,bowler
JA Richardson,Jhye Richardson,26,90,bowler
JDS Neesham,Jimmy Neesham,29,72,bowler
JC Archer,Jofra Archer,68,595,bowler
JR Hazlewood,Josh Hazlewood,29,926,bowler
J Little,Josh Little,0,228,bowler
KM Asif,KM Asif,2,99,bowler
KV Sharma,Karn Sharma,21,363,bowler
Kartik Tyagi,Kartik Tyagi,19,365,bowler
KK Ahmed,Khaleel Ahmed,6,1284,bowler
K Gowtham,Krishnappa Gowtham,38,180,bowler
KR Sen,Kuldeep Sen,3,243,bowler
K Yadav,Kuldeep Yadav,4,54,bowler
K Kartikeya,Kumar Kartikeya,17,282,bowler
KT Maphaka,Kwena Maphaka,2,66,bowler
KA Jamieson,Kyle Jamieson,73,279,bowler
LH Ferguson,Lockie Ferguson,17,756,bowler
L Ngidi,Lungi Ngidi,8,262,bowler
M Siddharth,M Siddharth,0,165,bowler
M Theekshana,Maheesh Theekshana,34,878,bowler
MA Wood,Mark Wood,5,97,bowler
M Pathirana,Matheesha Pathirana,0,704,bowler
MJ Henry,Matt Henry,10,132,bowler
Mayank Dagar,Mayank Dagar,1,137,bowler
M Markande,Mayank Markande,13,451,bowler
MP Yadav,Mayank Yadav,5,146,bowler
MG Bracewell,Michael Bracewell,47,66,bowler
MA Starc,Mitchell Starc,21,482,bowler
AM Ghazanfar,Mohammad Ghazanfar,0,101,bowler
Mohammad Nabi,Mohammad Nabi,51,122,bowler
MM Sharma,Mohit Sharma,19,653,bowler
Mohsin Khan,Mohsin Khan,28,582,bowler
MC Henriques,Moises Henriques,32,60,bowler
Mukesh Choudhary,Mukesh Choudhary,6,352,bowler
Mukesh Kumar,Mukesh Kumar,18,793,bowler
M Ashwin,Murugan Ashwin,38,266,bowler
Mustafizur Rahman,Mustafizur Rahman,21,823,bowler
N Burger,Nandre Burger,5,280,bowler
NM Coulter-Nile,Nathan Coulter-Nile,7,140,bowler
NT Ellis,Nathan Ellis,25,381,bowler
Navdeep Saini,Navdeep Saini,6,119,bowler
Naveen-ul-Haq,Naveen-ul-Haq,25,392,bowler
Noor Ahmad,Noor Ahmad,53,971,bowler
N Thushara,Nuwan Thushara,0,183,bowler
OC McCoy,Obed McCoy,5,163,bowler
OF Smith,Odean Smith,44,91,bowler
PP Chawla,Piyush Chawla,39,600,bowler
PJ Sangwan,Pradeep Sangwan,5,54,bowler
PP Hinge,Praful Hinge,1,74,bowler
M Prasidh Krishna,Prasidh Krishna,13,1151,bowler
Prince Yadav,Prince Yadav,11,317,bowler
R Sai Kishore,R Sai Kishore,16,441,bowler
Rasikh Salam,Rasikh Salam,36,303,bowler
Ravi Bishnoi,Ravi Bishnoi,57,1477,bowler
RJW Topley,Reece Topley,6,120,bowler
RJ Gleeson,Richard Gleeson,2,69,bowler
RP Meredith,Riley Meredith,3,390,bowler
R Dhawan,Rishi Dhawan,52,174,bowler
Sakib Hussain,Sakib Hussain,0,96,bowler
Sandeep Sharma,Sandeep Sharma,18,1090,bowler
S Sandeep Warrier,Sandeep Warrier,0,79,bowler
Shakib Al Hasan,Shakib Al Hasan,48,156,bowler
Shivam Mavi,Shivam Mavi,27,330,bowler
Shivang Kumar,Shivang Kumar,14,132,bowler
S Gopal,Shreyas Gopal,12,102,bowler
S Kaul,Siddarth Kaul,8,205,bowler
Simarjeet Singh,Simarjeet Singh,15,242,bowler
SH Johnson,Spencer Johnson,11,164,bowler
Suyash Sharma,Suyash Sharma,0,715,bowler
Swapnil Singh,Swapnil Singh,25,103,bowler
T Natarajan,Thangarasu Natarajan,2,1061,bowler
TG Southee,Tim Southee,17,319,bowler
TK Curran,Tom Curran,17,68,bowler
TU Deshpande,Tushar Deshpande,21,941,bowler
TS Mills,Tymal Mills,3,102,bowler
Umran Malik,Umran Malik,16,497,bowler
VG Arora,Vaibhav Arora,27,816,bowler
V Nigam,Vaibhav Nigam,86,281,bowler
CV Varun,Varun Chakravarthy,33,1692,bowler
V Puthur,Vignesh Puthur,0,72,bowler
V Viyaskanth,Vijayakanth Viyaskanth,5,60,bowler
Vijaykumar Vyshak,Vijaykumar Vyshak,12,456,bowler
WD Parnell,Wayne Parnell,5,152,bowler
W O'Rourke,Will O'Rourke,0,62,bowler
XC Bartlett,Xavier Bartlett,20,215,bowler
Yash Dayal,Yash Dayal,9,881,bowler
Yash Thakur,Yash Thakur,0,447,bowler
Yudhvir Singh,Yudhvir Singh,16,139,bowler
YS Chahal,Yuzvendra Chahal,35,1815,bowler
Zeeshan Ansari,Zeeshan Ansari,0,204,bowler