season,player,avg_impact,matches_played,avg_batting_z,avg_bowling_z,bowled_matches
2021.0,PP Shaw,0.4932491441880494,15,0.6701291499065832,,0
2021.0,CV Varun,0.4522279508272798,17,-0.035674813141011,0.6321125845063778,17
2021.0,Ravi Bishnoi,0.4019761792134315,9,-0.10847887811633646,0.6755458387291131,9
2021.0,A Nortje,0.33915488368048413,8,-7.360556535262859e-18,0.4739260092857438,8
2021.0,LH Ferguson,0.30925976615949113,8,-0.037251559612918664,0.14467447007736367,8
2021.0,YBK Jaiswal,0.2901055703562394,10,0.3714736088331681,,0
2021.0,SP Narine,0.2758269085710986,14,-0.10073047503413614,0.6584615313027122,14
2021.0,AB de Villiers,0.2434444937087273,15,0.08136940468819782,,0
2021.0,Mohammed Siraj,0.223427047372315,15,-0.19491375162305602,0.5315985772353581,15
2021.0,SO Hetmyer,0.21857299307640915,13,0.22048204778249716,,0
2021.0,RA Jadeja,0.19019470585411663,16,-0.18089321192068056,0.3683397884306903,16
2021.0,MM Ali,0.19016658215659155,15,-0.07642268813279915,0.7511586803906108,10
2021.0,Shakib Al Hasan,0.17324130965760837,8,-0.4254679589615087,0.29238910445618704,8
2021.0,JJ Bumrah,0.15825537113337498,14,-0.10617175931680868,0.3076447164604791,14
2021.0,RA Tripathi,0.15590909135069198,16,0.14647440930820999,,0
2021.0,YS Chahal,0.1438580028538057,15,-0.28665231508479655,0.3393440081917516,15
2021.0,AR Patel,0.13350343992981586,12,-0.4205931317139784,0.6116285206181762,12
2021.0,RD Chahar,0.13068517512629108,11,-0.12078625466094768,0.36387860106642705,11
2021.0,Avesh Khan,0.12834809603128977,16,0.003395401332502937,0.2778258666736406,16
2021.0,AT Rayudu,0.11526762167441482,14,0.1274637663544102,,0
2021.0,SPD Smith,0.10366163187090112,10,-0.4503153307753355,,0
2021.0,SA Yadav,0.09671342680665565,14,0.1293420682113982,,0
2021.0,KL Rahul,0.08249189112051443,13,-0.0124287737863181,,0
2021.0,DJ Bravo,0.07989079509646119,11,0.17288072204804916,-0.1297128013830648,11
2021.0,Rashid Khan,0.07878933600531822,14,-0.2753264960678207,0.5418940976380398,14
2021.0,MA Agarwal,0.06656045256463165,12,0.07864780197210432,,0
2021.0,Abdul Samad,0.04843634159771871,11,-0.2094700663146907,0.056587603042091254,1
2021.0,F du Plessis,0.04468609071063405,16,-0.03231974320166236,,0
2021.0,GJ Maxwell,0.04391217762457884,15,0.019848076620807655,-0.09518950267522636,6
2021.0,Mohammed Shami,0.026355547339002052,14,-0.13734606271688649,0.32534006012773276,14
2021.0,HV Patel,0.02351625285408247,15,-0.11653841564393204,0.11465097923629829,15
2021.0,K Rabada,-0.0007962200726326363,15,0.03633953934941221,0.0057309838952869195,15
2021.0,C Sakariya,-0.003963207241133463,14,-0.2247547300331137,0.10734231980229915,14
2021.0,Shahbaz Ahmed,-0.005092539389675811,9,-0.3277902381706228,0.34051899824617293,6
2021.0,Abhishek Sharma,-0.024437674191257808,8,-0.1768049045194292,0.2848985741481129,6
2021.0,RD Gaikwad,-0.033962810440738005,16,-0.028960735160138813,,0
2021.0,DJ Hooda,-0.03493865152988048,12,-0.15218698321263982,-0.12427308628120388,7
2021.0,KD Karthik,-0.04697888371334973,17,-0.2130498437982919,,0
2021.0,KA Pollard,-0.0561978089063507,14,-0.15108019397022396,0.15893532508868408,9
2021.0,Ishan Kishan,-0.08440665428973723,10,-0.06912900839739268,,0
2021.0,DL Chahar,-0.08821200286740259,15,-0.00525852763882991,-0.07472255291856124,15
2021.0,S Kaul,-0.09077092376920506,8,-0.07887791458244854,-0.06114952614330371,8
2021.0,Arshdeep Singh,-0.09311356963473882,12,-0.0318428188567535,-0.055513311775746726,12
2021.0,M Prasidh Krishna,-0.09995288424276891,10,-0.0224357997116145,-0.1317411534608706,10
2021.0,TA Boult,-0.10556682745820443,14,-0.053710850423634514,0.047498655359873264,14
2021.0,B Kumar,-0.10998964947454741,11,-0.2030121001428146,0.07216320199253055,11
2021.0,SV Samson,-0.13838835350563372,14,-0.2568335496170662,,0
2021.0,Mustafizur Rahman,-0.13918848797413627,14,-0.14122652138260414,-0.10468796188086002,14
2021.0,R Ashwin,-0.1589063756411327,13,-0.21862792952376336,0.16661617932868394,13
2021.0,AD Russell,-0.16540189406618241,10,0.013408656686657847,-0.3820987733739917,8
2021.0,MS Dhoni,-0.1882525314712746,13,-0.5196964313975954,,0
2021.0,SK Raina,-0.19224779235954773,11,-0.28200878282552444,,0
2021.0,M Shahrukh Khan,-0.20364184157329285,10,-0.23497559986405953,,0
2021.0,N Pooran,-0.20589435403140152,11,-0.2817450811543962,,0
2021.0,JO Holder,-0.2067271275020124,8,-0.42156130454189544,0.026460863910732487,8
2021.0,CH Morris,-0.21151646147383005,11,-0.1795845757974466,-0.4502050559679607,11
2021.0,VR Iyer,-0.2119153622217369,10,-0.38674715616181976,0.1482899219373409,4
2021.0,KH Pandya,-0.2387632779051661,13,-0.3929356971961629,-0.25812932036452213,12
2021.0,KA Jamieson,-0.2779214422314307,9,-0.2492942376576092,-0.5332978026283334,9
2021.0,R Parag,-0.28551765430560033,11,-0.342486057523835,-0.5786323048069655,5
2021.0,RR Pant,-0.2864926639364036,16,-0.4698853710138638,,0
2021.0,SM Curran,-0.28942701348307104,9,0.1610911450142079,-0.37630243920591044,9
2021.0,DT Christian,-0.29679919546099964,10,-0.30943047080767405,-0.6471070461662507,9
2021.0,CH Gayle,-0.29731033337369445,10,-0.3196039249667541,,0
2021.0,SN Thakur,-0.30264879390402444,16,-0.03446227353612145,-0.2266000692821701,16
2021.0,JR Hazlewood,-0.3419446742544377,9,-7.360556535262859e-18,-0.3238162132090807,9
2021.0,S Dhawan,-0.3482998680305963,16,-0.44671260172859983,,0
2021.0,RG Sharma,-0.35678772517475493,13,-0.3208405686935837,0.10853406224730132,1
2021.0,Shivam Mavi,-0.36780885398298563,9,-0.119390652899626,-0.32463091447803477,9
2021.0,D Padikkal,-0.4025707325920158,14,-0.49457948984268807,,0
2021.0,N Rana,-0.4042444235044519,17,-0.4958660665005875,0.22947047181760982,2
2021.0,MP Stoinis,-0.4080417325425049,10,-0.20957694548544845,-0.917511808027071,8
2021.0,V Kohli,-0.4396992879946239,15,-0.5467834434391333,,0
2021.0,HH Pandya,-0.4477831073332576,11,-0.5129024727525267,,0
2021.0,EJG Morgan,-0.46346081422166174,15,-0.6088313809032739,,0
2021.0,Q de Kock,-0.5378496158989606,11,-0.6653537993284581,,0
2021.0,DA Miller,-0.5410203401896568,8,-0.6574613811340304,,0
2021.0,Shubman Gill,-0.5678870068675574,17,-0.6514664293656242,,0
2021.0,R Tewatia,-0.5682027483430777,14,-0.5798637073541725,-0.3077825231927891,13
2021.0,MK Pandey,-0.5933914371583704,8,-0.7510368120723864,,0
2021.0,S Dube,-0.7008188223925574,9,-0.7152904486307929,-0.3531158805702001,4
2021.0,KS Williamson,-0.7869520541936312,10,-1.0235025110085105,,0
2021.0,WP Saha,-0.8161995890368425,9,-1.0238181748034867,,0
2021.0,DA Warner,-0.8989805047194989,8,-1.0146662351011646,,0
2021.0,SS Iyer,-1.0557083686058792,8,-1.358863835725665,,0
2022.0,TH David,0.8638193905368121,8,0.9313664918879588,,0
2022.0,Mohsin Khan,0.733903157256451,9,-0.09063702852845221,1.0826178292462936,9
2022.0,SP Narine,0.7268432661562624,14,0.16185751931623485,1.2439984554401085,14
2022.0,Rashid Khan,0.7258725827545133,16,0.22306182611295788,0.8617651394349479,16
2022.0,JM Sharma,0.6634333091614756,11,0.37681597473518186,,0
2022.0,RR Pant,0.6388612863520944,14,0.25032251681218176,,0
2022.0,KD Karthik,0.5145500409679218,16,0.488498999067042,,0
2022.0,GJ Maxwell,0.47888817603618733,13,0.5435252332903692,0.6010509803575551,10
2022.0,RA Tripathi,0.45196031551846705,14,0.5290153696680575,,0
2022.0,Q de Kock,0.43386705172765444,15,0.3616154595739168,,0
2022.0,JC Buttler,0.4259388282267864,17,0.4726170815485978,,0
2022.0,UT Yadav,0.41175608451487955,12,-0.0941601790798497,0.6177260530157965,12
2022.0,SV Samson,0.3422929158811134,17,0.22379894617229582,,0
2022.0,PBB Rajapaksa,0.3410552068967766,9,0.39448005691740184,,0
2022.0,LS Livingstone,0.33312856489466863,14,0.8488067325952363,-0.22546839332294835,11
2022.0,PP Shaw,0.31731672059170285,10,0.3779168262124061,,0
2022.0,DA Warner,0.30061638488995857,12,0.3326994719008113,,0
2022.0,AR Patel,0.2896847962015975,13,0.06072916994032107,0.377193831548777,13
2022.0,SA Yadav,0.24281193014843283,8,0.296656606709474,,0
2022.0,YS Chahal,0.2348915088751061,17,-0.06279197436827513,0.39558172333477293,17
2022.0,Mustafizur Rahman,0.22740839504756888,8,-0.08566871724745444,0.4467353145376385,8
2022.0,Mohammed Shami,0.2240487032759904,16,-7.360556535262859e-18,0.2905634099941823,16
2022.0,JJ Bumrah,0.2174070848215522,14,-0.14423014100323603,0.5417333771931927,14
2022.0,N Pooran,0.21166317440122118,14,-0.13050206608177986,,0
2022.0,R Ashwin,0.20579495676057824,17,-0.04779042449711004,0.5254983689869088,17
2022.0,RK Singh,0.18839706754885988,8,-0.09650910104396421,,0
2022.0,B Kumar,0.18283089043070944,14,-0.19932156703166748,0.4793730235462956,14
2022.0,KK Ahmed,0.14292670239958757,10,-0.044871599423228985,0.32906109390435473,10
2022.0,R Powell,0.14098651435172743,14,0.06919239868134877,-0.11094451134459939,1
2022.0,JM Bairstow,0.13404443881202702,11,0.17160052271251408,,0
2022.0,AD Russell,0.1236955747654067,13,0.6236425702259467,-0.6382381487832522,12
2022.0,M Theekshana,0.12285529599884687,9,-0.05012429021127477,0.3492283138100482,9
2022.0,RP Meredith,0.12051389153598363,8,-0.02804474963951812,0.12076560490089118,8
2022.0,MM Ali,0.1193764497829578,10,-0.06475491265565081,0.3826630638186121,10
2022.0,Ravi Bishnoi,0.10668932494408856,14,-0.016025571222581785,0.09902507343541656,14
2022.0,HV Patel,0.0959798526625546,15,-0.18870909084512796,0.4036795642843883,15
2022.0,M Jansen,0.09433922776639553,8,-0.032648154626218395,-0.05346821607136004,8
2022.0,Arshdeep Singh,0.09111906507622398,14,-0.2553308135786469,0.1243999132228015,14
2022.0,AK Markram,0.08436579328400858,14,0.049812161293831765,-0.08138083125048223,4
2022.0,DJ Hooda,0.07262535549559962,15,-0.039014193810240835,-0.0006500504843467111,2
2022.0,M Ashwin,0.0378711503376162,8,-0.16598747197140346,0.15659194586282543,8
2022.0,Kuldeep Yadav,0.025907355774769842,14,-0.32810559536077444,0.10131215736868406,14
2022.0,JR Hazlewood,0.018373536545035398,12,-0.2585223724397629,0.24617001986793374,12
2022.0,M Prasidh Krishna,0.011420911911025582,17,-0.10702443942303297,0.1741205368336709,17
2022.0,TA Boult,0.010882976230430441,16,-0.056971038258530796,0.3224464544443901,16
2022.0,N Rana,0.0057440843525550555,14,0.1339857314239649,-0.04810259220976258,2
2022.0,SS Iyer,-0.005252833537389272,14,-0.12318644663223514,0.19183612481227771,1
2022.0,PWH de Silva,-0.011812676697632293,16,-0.2728359506524196,0.35650438260822415,16
2022.0,S Dube,-0.017569867315675735,11,0.2971408848692837,-0.7303049813906098,2
2022.0,Washington Sundar,-0.024089300174756727,9,-0.21706803158011245,0.007161313931438302,8
2022.0,DA Miller,-0.036516016625570906,16,-0.06392688282334108,,0
2022.0,DJ Bravo,-0.05511621618537228,10,-0.19147808824159723,-0.05616495270418901,10
2022.0,KH Pandya,-0.07584393897998062,14,-0.24949347314337994,0.2990448493219143,12
2022.0,Tilak Varma,-0.08231252266059526,14,-0.29929628687102744,0.24777437967578836,2
2022.0,Lalit Yadav,-0.08736802911849675,11,-0.5837349998791765,0.09470394773398622,8
2022.0,SO Hetmyer,-0.09069043647371797,15,-0.0850449935013352,,0
2022.0,CV Varun,-0.0934743780070974,11,-0.19924146977368953,-0.14310613705874042,11
2022.0,RA Jadeja,-0.09638604066548809,10,-0.5481457671100527,0.3325605091115624,10
2022.0,MA Agarwal,-0.09981872791388588,13,-0.2917805273570161,,0
2022.0,YBK Jaiswal,-0.10825956553774321,10,-0.07162135637962178,,0
2022.0,RD Chahar,-0.11721874537679625,13,-0.32825878968915134,0.3338571744886574,13
2022.0,HH Pandya,-0.1195123385560627,15,-0.38941622090077993,0.4623248960620164,10
2022.0,RV Uthappa,-0.1363132170715063,11,-0.19295803600204106,,0
2022.0,AS Joseph,-0.14368715610438967,9,-0.0936783963493925,-0.08639663110483294,9
2022.0,PVD Chameera,-0.1456718991216206,12,-0.07698436323064113,-0.01904443417755386,12
2022.0,Yash Dayal,-0.14888018739285752,9,-0.024928666346238332,-0.1574090563198272,9
2022.0,Avesh Khan,-0.15248679180482064,13,0.03220078770248655,-0.04499260681918496,13
2022.0,KL Rahul,-0.15338232892802758,14,-0.2744735207022354,,0
2022.0,Shubman Gill,-0.15719599115623656,16,-0.18992213560713067,,0
2022.0,MR Marsh,-0.16597688919880385,8,-0.14241002559854007,0.20412556612162816,4
2022.0,K Rabada,-0.1662472260994193,13,-0.2532597791568928,0.06420397415674492,13
2022.0,Abhishek Sharma,-0.1663044494466969,14,-0.13476340578935672,-0.07782838033616146,3
2022.0,A Badoni,-0.1712186340436109,12,-0.46404972198660327,0.3271030845075463,2
2022.0,R Tewatia,-0.1731027727729117,15,-0.12094939983305496,-0.5276224209688375,5
2022.0,Umran Malik,-0.20050623912358775,14,-0.08663883191388386,-0.3224614740956782,14
2022.0,TG Southee,-0.20061036270029703,9,-0.24436469110833473,0.24954925831888713,9
2022.0,LH Ferguson,-0.20353161545059256,13,-0.013079351984315223,-0.21245649205031852,13
2022.0,WP Saha,-0.21772533359745977,11,-0.5211906379375076,,0
2022.0,JO Holder,-0.24574148182159852,12,-0.11379778408577203,-0.3629065022781592,12
2022.0,DR Sams,-0.26267202866752426,11,-0.2515097230564136,-0.1128216577642759,11
2022.0,Mukesh Choudhary,-0.27649748726145246,13,-0.026043469276446317,-0.28239556074413064,13
2022.0,SW Billings,-0.2800774887012201,8,-0.4463569181907721,,0
2022.0,SN Thakur,-0.28891282821999065,14,-0.12557268081271653,-0.5767231816770202,14
2022.0,RD Gaikwad,-0.30777695929161425,14,-0.32826475958227125,,0
2022.0,AT Rayudu,-0.30845926416044783,12,-0.41151800935915556,,0
2022.0,R Parag,-0.31811536167661436,16,-0.16103026449035018,-0.5534442634109201,4
2022.0,Ishan Kishan,-0.32902468050380757,14,-0.590696869428924,,0
2022.0,T Natarajan,-0.33299836322365356,11,-7.360556535262859e-18,-0.35461623319779334,11
2022.0,MS Wade,-0.3362803491673218,10,-0.518870405640042,,0
2022.0,F du Plessis,-0.34015345915748557,16,-0.3732038399275541,,0
2022.0,MS Dhoni,-0.3430886783183541,13,-0.5976496232745906,,0
2022.0,Shahbaz Ahmed,-0.3597200994834333,16,-0.45903009404919415,-0.46049663773204624,14
2022.0,Anuj Rawat,-0.3665765295326179,9,-0.5885490629042693,,0
2022.0,D Padikkal,-0.36837525508820806,17,-0.4167467213899189,,0
2022.0,RG Sharma,-0.3702200136786115,14,-0.4565198205328006,,0
2022.0,KA Pollard,-0.40193262434546567,11,-0.9049979885652413,0.018634876641260914,6
2022.0,MP Stoinis,-0.4119642207024862,11,-0.22624953382596538,-0.5887102705104873,5
2022.0,V Kohli,-0.5099286098663162,16,-0.6368640627117996,,0
2022.0,S Dhawan,-0.552658364279987,14,-0.7259458182061279,,0
2022.0,VR Iyer,-0.6583861995619716,12,-0.6268089178555675,-0.3030909593321924,4
2022.0,Mohammed Siraj,-0.6662457592238326,15,-0.20262742858812605,-0.74210266061031,15
2022.0,M Shahrukh Khan,-0.737593800042513,8,-0.8567618993975211,,0
2022.0,KS Williamson,-0.8126907932616962,13,-1.1107843911480046,,0
2023.0,SA Yadav,1.1230403179731174,16,1.3322194159149852,,0
2023.0,H Klaasen,1.0204726468363947,11,1.0982304173769508,,0
2023.0,AM Rahane,0.9173774808913713,13,0.7679319901071096,,0
2023.0,YBK Jaiswal,0.8977023376681029,14,0.9803608899680958,,0
2023.0,Shubman Gill,0.7587568260982677,17,0.9092910211824055,,0
2023.0,GJ Maxwell,0.7171843998993582,14,1.0020520503458392,0.29571674285506705,7
2023.0,F du Plessis,0.6847498634306781,14,0.8576780700600147,,0
2023.0,PD Salt,0.588229871421619,9,0.5716297774663079,,0
2023.0,Mohammed Siraj,0.5263258337935135,14,-0.021659707978470968,0.6366643932692453,14
2023.0,RD Gaikwad,0.5065432732136406,16,0.3784299124883033,,0
2023.0,MM Sharma,0.4687016619910785,14,-0.016025571222581785,0.4078784850204901,13
2023.0,Rashid Khan,0.4667661020039713,17,0.26919066316871026,0.35416426385835925,17
2023.0,MS Dhoni,0.4634028937149173,15,0.06860335746083429,,0
2023.0,N Pooran,0.4538260867520504,15,0.47032967906579926,,0
2023.0,SV Samson,0.43884192381773257,14,0.42226089429277647,,0
2023.0,RD Chahar,0.4206983422645906,14,-0.14101251409711932,0.6521442663217681,14
2023.0,TA Boult,0.38420512168801885,10,-0.12843510500839878,0.4849806501683016,10
2023.0,Tilak Varma,0.3724340084533877,11,0.38907388698875034,0.23246757162444726,1
2023.0,JJ Roy,0.34483338517168116,8,0.44864422359434136,,0
2023.0,V Shankar,0.34463474443924846,11,0.3659362111640156,,0
2023.0,R Tewatia,0.33822374247674664,13,-0.029941100451848637,0.24572865212301742,2
2023.0,Ishan Kishan,0.33440792343786585,16,0.19189892412203247,,0
2023.0,Noor Ahmad,0.33158386686305386,13,-0.05802727104615895,0.4356414986992178,13
2023.0,M Markande,0.32456753448881676,10,-0.008593022641840508,0.5769359051241454,10
2023.0,S Dube,0.3239373637909374,14,0.3784001323415522,,0
2023.0,YS Chahal,0.289182348487664,14,-7.360556535262859e-18,0.42883295241800035,14
2023.0,SO Hetmyer,0.2680002079407834,14,0.03927401339694619,,0
2023.0,N Wadhera,0.25699090655512175,11,0.08461135531047669,,0
2023.0,Mohammed Shami,0.23374701241792173,17,-0.06279197436827515,0.4331899941754228,17
2023.0,R Ashwin,0.23203990118981446,13,-0.10997824098540952,0.7320738987722026,13
2023.0,Ravi Bishnoi,0.2231574674453663,14,-0.20240090864104096,0.4235170865514589,14
2023.0,Akash Madhwal,0.22206412087068386,8,-7.360556535262859e-18,0.3361721706859788,8
2023.0,JM Sharma,0.21974357672227657,14,0.2558192063784217,,0
2023.0,PP Chawla,0.21354369619268862,16,-0.07065599309916672,0.3494492310031746,16
2023.0,AR Patel,0.21296381182933516,14,-0.23832442783417762,0.8256056962231465,13
2023.0,DA Miller,0.21147127828527088,15,-0.05792325987733071,,0
2023.0,M Theekshana,0.21015951878001624,13,-7.360556535262859e-18,0.27545251508167373,13
2023.0,Suyash Sharma,0.20872391772640492,11,-7.360556535262859e-18,0.3291948255950268,11
2023.0,Sandeep Sharma,0.20413413947839917,12,-0.10382251816836661,0.3602920778123559,12
2023.0,RA Jadeja,0.19877101391642793,16,-0.16120779954192485,0.3788561344684167,16
2023.0,M Pathirana,0.19529793809299967,12,-7.360556535262859e-18,0.2514119177536267,12
2023.0,Harpreet Brar,0.19156194471200036,12,-0.1267763016561377,0.6164911868716011,11
2023.0,P Simran Singh,0.17944868322813953,14,0.2997345227009128,,0
2023.0,C Green,0.16237171352023563,16,0.5678814549753737,-0.32063665260808893,16
2023.0,NT Ellis,0.15406785623740618,11,-0.11424071942301878,0.2520905251718705,10
2023.0,J Little,0.14322088611371395,10,-7.360556535262859e-18,0.14752829686993524,10
2023.0,V Kohli,0.13864142433715296,14,0.032555406730563154,,0
2023.0,CV Varun,0.1375422996570284,14,-0.16588984898170694,0.3622370383420193,14
2023.0,LS Livingstone,0.12418885566627409,9,0.6289557059295261,-1.011224808707568,5
2023.0,SP Narine,0.11999480563534626,14,-0.20516780918784133,0.5138727294787252,14
2023.0,VR Iyer,0.11753653253168103,14,0.19036826900237128,,0
2023.0,T Natarajan,0.10693804383549145,12,-7.360556535262859e-18,0.126150850526057,12
2023.0,M Shahrukh Khan,0.10579325872328486,12,0.060879293149604476,,0
2023.0,RR Rossouw,0.10315284105492976,9,0.14300592123825043,,0
2023.0,TH David,0.10071277369443624,15,0.020809051212745296,,0
2023.0,K Gowtham,0.0941846390481012,8,-0.05733216136891765,-0.009721257555027212,6
2023.0,MP Stoinis,0.0886975052031218,15,0.24403662030722809,-0.21804340366890376,5
2023.0,Kuldeep Yadav,0.08511281373217407,14,-0.47914409266161845,0.7660853839073561,14
2023.0,I Sharma,0.07733718083355089,8,-0.009859739322806075,0.313853862477151,8
2023.0,DP Conway,0.07392802264451935,15,0.09157718156866072,,0
2023.0,Dhruv Jurel,0.0712416292237628,11,0.16745095676838903,,0
2023.0,B Kumar,0.059523995104931456,14,-0.3079209462819339,0.37331339461425045,14
2023.0,A Nortje,0.043756393964351964,10,-0.11236188626214368,0.19153075554943383,10
2023.0,RK Singh,0.03484655666293917,14,0.001764871076493289,,0
2023.0,B Sai Sudharsan,0.03296057842474742,8,0.08173503918618408,,0
2023.0,Rahmanullah Gurbaz,-0.0028687464719384355,11,-0.12894599770569923,,0
2023.0,JC Buttler,-0.003238155967080198,14,-0.09783331721876791,,0
2023.0,N Rana,-0.008554503968024953,14,0.06472540580455594,0.09542100078542894,5
2023.0,KR Mayers,-0.015185448437447954,13,0.12687376471883816,0.2961269044128987,6
2023.0,MK Lomror,-0.016610529589271065,11,-0.07612308629308467,0.1666571445106018,2
2023.0,AK Markram,-0.026011742159090693,13,-0.23216152516763924,0.053078895063848844,5
2023.0,S Dhawan,-0.02802063720368784,11,-0.01906427260009165,,0
2023.0,K Kartikeya,-0.035045690304297585,8,-0.08720318557635451,0.1237113309309546,8
2023.0,SN Thakur,-0.04050412802492302,10,0.13135783258643557,-0.4028185893289863,8
2023.0,KD Karthik,-0.04523823503142817,13,-0.18236866470092142,,0
2023.0,KH Pandya,-0.05242041918021661,15,-0.4057920205043884,0.2962887833103783,12
2023.0,AT Rayudu,-0.05644261425564187,13,-0.06372741701880955,,0
2023.0,MR Marsh,-0.06274624648764703,9,-0.007200750262204976,-0.07900922423388884,8
2023.0,WP Saha,-0.07620449880392327,17,-0.20838648158695494,,0
2023.0,MM Ali,-0.08130636478663664,14,-0.029461073057782068,-0.22203152483757263,11
2023.0,HH Pandya,-0.08293109148278634,15,-0.023161212753946763,-0.11742470882671201,11
2023.0,Yash Thakur,-0.0908621890408981,9,-7.360556535262859e-18,-0.05683605473970237,9
2023.0,Abhishek Sharma,-0.10077475918211799,11,0.03576647811505715,-0.15742702974943398,5
2023.0,KK Ahmed,-0.10348387980156198,9,-7.360556535262859e-18,-0.1000961032987988,9
2023.0,Arshdeep Singh,-0.10508873261205895,14,-0.01126827351177837,-0.11646956857762483,14
2023.0,DL Chahar,-0.12532075879710453,10,-0.030323591169859353,-0.07377812775214909,10
2023.0,RG Sharma,-0.14559518658246048,16,-0.11234937886412576,,0
2023.0,JO Holder,-0.14981323106966551,8,-0.07622237596714496,-0.40857076909039125,8
2023.0,PWH de Silva,-0.1670308682456067,8,-0.24123714873404586,0.1347592400138253,8
2023.0,D Padikkal,-0.20948619063397,11,-0.23255315898865891,,0
2023.0,M Jansen,-0.2139642162322264,8,-0.5064943859293646,-0.24654061813216693,8
2023.0,HV Patel,-0.2159052121662225,13,-0.02086260824179674,-0.21883151865758615,13
2023.0,MA Agarwal,-0.229128568470751,10,-0.31609978553897794,,0
2023.0,RA Tripathi,-0.23057368366827438,13,-0.20371882632697363,,0
2023.0,DA Warner,-0.23940556659259388,14,-0.3026204710198387,,0
2023.0,PP Shaw,-0.2776426277869547,8,-0.2517181218524195,,0
2023.0,DJ Hooda,-0.2831174444685728,12,-0.49474737219285775,0.1519803295515794,1
2023.0,AD Russell,-0.28884632904963753,14,-0.05688193166248064,-0.7703128754555012,9
2023.0,JP Behrendorff,-0.29439217793265077,12,-0.0955284565702605,-0.179422498736051,12
2023.0,Aman Hakim Khan,-0.300412594414233,10,-0.5610023211668799,,0
2023.0,Abdul Samad,-0.3102046668355893,8,-0.38591353012924506,,0
2023.0,SM Curran,-0.3325580974000171,14,-0.22563269535894,-0.4576609941154429,14
2023.0,HC Brook,-0.3353351210114083,11,-0.3573653600069165,,0
2023.0,A Badoni,-0.3475163323681955,12,-0.3445766054103063,,0
2023.0,HR Shokeen,-0.37095009264496026,8,-0.11459500586646709,-0.9333483545876858,8
2023.0,TU Deshpande,-0.37753463517000924,16,-0.014022374819759063,-0.330375659869278,16
2023.0,Avesh Khan,-0.41930932540157984,9,-0.024928666346238332,-0.5405105725200934,9
2023.0,UT Yadav,-0.439291106974102,8,-0.2111703471821806,-0.3988622953685085,8
2023.0,MK Pandey,-0.5577966929755945,9,-0.6345817658564842,,0
2023.0,Mukesh Kumar,-0.579415869804067,10,-0.12252193934255744,-0.3896547841527315,10
2023.0,Shahbaz Ahmed,-0.5968654925447039,9,-0.26480981968423134,-0.9390984752409383,5
2023.0,KL Rahul,-0.8264582937092575,9,-0.9790652379132266,,0
2023.0,Umran Malik,-0.9448752288395496,8,0.12115719890138392,-1.2168601163463153,8
2024.0,J Fraser-McGurk,1.8462174082790561,10,1.8962583393723276,,0
2024.0,PD Salt,1.2322107924707402,12,1.2369186384978084,,0
2024.0,TM Head,1.1337402548431066,15,1.5453021738864836,-0.1474941070760364,1
2024.0,Abhishek Sharma,1.1036335086530125,16,1.4008964081672097,0.21462648050294517,4
2024.0,SP Narine,0.9090166593358887,14,1.011324067807187,1.057166311955358,14
2024.0,RR Rossouw,0.7591849265683172,8,0.8721918738753508,,0
2024.0,T Stubbs,0.754466057063358,14,0.9117382358880245,0.24055331394938406,2
2024.0,N Pooran,0.7353740853551626,14,0.8259149048320503,,0
2024.0,SA Yadav,0.7256578847593342,11,0.8676163414740521,,0
2024.0,MS Dhoni,0.7213662186269622,13,0.38653365572317167,,0
2024.0,RM Patidar,0.7186400239160065,13,0.8933340283304508,,0
2024.0,Ramandeep Singh,0.7159992706044691,11,0.4549767624237773,,0
2024.0,WG Jacks,0.6777975075359868,8,0.967157198967145,-0.3332691461694395,5
2024.0,H Klaasen,0.6663960893415495,15,0.7033654346902207,,0
2024.0,V Kohli,0.6445927343754387,15,0.6777144288477376,,0
2024.0,JJ Bumrah,0.640917076119469,13,-0.07281038269149097,1.1256978044341315,13
2024.0,RR Pant,0.601199721552941,13,0.47980080701321765,,0
2024.0,F du Plessis,0.5996405543201798,15,0.6759693122253416,,0
2024.0,R Ravindra,0.5897376885363654,10,0.3993665698444269,0.5717778364359417,2
2024.0,JM Bairstow,0.4822558943223591,11,0.4650342379486737,,0
2024.0,Shashank Singh,0.47917802565146916,14,0.45216428518694024,0.26901155501441,1
2024.0,PP Shaw,0.4536579933505162,8,0.5766731743929709,,0
2024.0,KD Karthik,0.41696978861698525,14,0.4093506334696654,,0
2024.0,Naman Dhir,0.3988360649694467,8,0.4117675968241471,-0.05677802763168202,2
2024.0,Abdul Samad,0.3931427643980241,13,0.21605393717457522,,0
2024.0,R Powell,0.38670283817348194,10,-0.04061597466720066,,0
2024.0,Abishek Porel,0.3818950714830953,12,0.4922462074901228,,0
2024.0,YBK Jaiswal,0.3744883947125949,15,0.4792708200222574,,0
2024.0,P Simran Singh,0.33831817271798165,14,0.4866398044536681,,0
2024.0,CV Varun,0.3369055733746939,14,-7.360556535262859e-18,0.44844949352356295,14
2024.0,SV Samson,0.3334265877442323,15,0.32868320964483666,,0
2024.0,SO Hetmyer,0.30457964754668415,11,0.08718049713179102,,0
2024.0,Ishan Kishan,0.3006938709825602,14,0.24146955863533734,,0
2024.0,Tilak Varma,0.29650485794770187,13,0.2590203414521027,,0
2024.0,Sandeep Sharma,0.29296406206985537,10,-7.360556535262859e-18,0.3492666397161149,10
2024.0,SD Hope,0.28684743123806467,9,0.24547320138514772,,0
2024.0,TA Boult,0.2483567993099937,15,-0.10353378655910461,0.3374402888064106,15
2024.0,R Parag,0.24542873102049792,15,0.192535766608982,0.14260159840510753,2
2024.0,Ashutosh Sharma,0.2370720169170662,10,0.2503218195073294,,0
2024.0,Shubman Gill,0.2190233942817632,12,0.343248970514264,,0
2024.0,VR Iyer,0.20376071933732925,13,0.5175287602398069,-0.4536956888144183,1
2024.0,DJ Hooda,0.18965621642207858,10,0.03707512459849907,0.23242924097604623,2
2024.0,S Dube,0.18652468350463547,14,0.34924906473555684,-0.03979991410596161,1
2024.0,RA Jadeja,0.1743819572880049,14,-0.03663246592467025,0.27039584283461854,14
2024.0,RG Sharma,0.16714925116474053,14,0.24873617327655886,,0
2024.0,SS Iyer,0.15675177288079442,14,0.09039012848461402,,0
2024.0,JM Sharma,0.14356198424261477,14,-0.15518294947666403,,0
2024.0,RK Singh,0.12298323852628328,12,0.032136654204318583,,0
2024.0,AR Patel,0.11702480141086745,14,-0.2263786730816809,0.1336078382235834,14
2024.0,R Ashwin,0.10125884147040357,14,-0.1559020651545404,0.2768345031112859,14
2024.0,MP Stoinis,0.09363315643648648,14,0.22886710507152377,0.13942730577001608,7
2024.0,TH David,0.09159543131328433,12,-0.10422867992978395,,0
2024.0,RD Gaikwad,0.07442807003066264,14,0.10312400141611221,,0
2024.0,KL Rahul,0.06351297242987586,14,-0.12888786597753174,,0
2024.0,MK Lomror,0.06299077522888911,10,0.2525435238423546,-0.2228398467207155,1
2024.0,Harshit Rana,0.062120654818628517,11,-7.360556535262859e-18,0.1102296703813621,11
2024.0,DA Miller,0.058701138018380915,9,0.0054767982026586726,,0
2024.0,Yash Dayal,0.04853789539111841,14,-7.360556535262859e-18,0.09092918710329657,14
2024.0,Noor Ahmad,0.04488364179044822,10,-0.1291821561376822,0.18620335307967867,10
2024.0,DJ Mitchell,0.03268322959595506,13,0.08792917996337493,-0.024190289066526482,2
2024.0,B Sai Sudharsan,0.013233257905192808,12,0.10114292771829884,,0
2024.0,Kuldeep Yadav,0.008527034929654752,11,-0.25746676487957393,0.23530715980481218,11
2024.0,MM Ali,-0.010133021768604866,8,-0.2745625097072996,0.10359361072046458,4
2024.0,Dhruv Jurel,-0.011337243928708586,11,-0.16215430002180445,,0
2024.0,C Green,-0.01897948575261347,13,-0.022645466855245502,0.12370130567547319,13
2024.0,DA Warner,-0.03069716823279968,8,-0.08904355451289145,,0
2024.0,R Tewatia,-0.03426363398906824,11,-0.22622565580003043,,0
2024.0,JC Buttler,-0.03947002211132844,11,-0.03253413719731579,,0
2024.0,PJ Cummins,-0.043898670700675865,16,-0.09901628573656773,-0.08939042672816006,16
2024.0,Rashid Khan,-0.04741918223120254,12,-0.0898866878077364,0.18106146030899772,12
2024.0,Mohammed Siraj,-0.05093369318851019,14,-0.019532927402924855,-0.032833014683701235,14
2024.0,Nithish Kumar Reddy,-0.05909451834080753,13,0.055803455944939365,-0.3876946296775082,7
2024.0,I Sharma,-0.061693412073449486,9,-0.18326487715505144,-0.08988193630115379,9
2024.0,T Natarajan,-0.07443589983682829,14,-7.360556535262859e-18,-0.017217436756285683,14
2024.0,Harpreet Brar,-0.07523653000901052,13,-0.15302766712100763,0.046846303451974554,13
2024.0,GJ Maxwell,-0.09309678142235708,10,-0.13866831397784335,0.08300915836267718,6
2024.0,YS Chahal,-0.1002654510242755,15,-7.360556535262859e-18,-0.07926311613876665,15
2024.0,Q de Kock,-0.11346481769866644,11,-0.11958683788830178,,0
2024.0,KH Pandya,-0.13020065958647842,14,-0.2882880731140321,0.08793483478739346,12
2024.0,K Rabada,-0.14530388095050226,11,-0.08222584548186691,-0.16902751715856132,11
2024.0,VG Arora,-0.14748209937653842,10,-0.00788779145824486,-0.055123203301274425,10
2024.0,Avesh Khan,-0.16113204813305,15,0.022200722650415936,-0.30512044029347296,15
2024.0,TU Deshpande,-0.17026753016912333,13,-0.03451661494094537,-0.09023463755491731,13
2024.0,WP Saha,-0.1825757761444336,9,-0.39202239735156097,,0
2024.0,V Shankar,-0.21266488318558457,8,-0.4085348117380809,,0
2024.0,Ravi Bishnoi,-0.23038096455282897,14,-0.05218228970263298,-0.1381757661170834,14
2024.0,Mukesh Kumar,-0.2380064153620271,10,-0.18071397235603598,-0.2913075559898307,10
2024.0,AK Markram,-0.24937994096591004,11,-0.4312160866129473,0.23284531189329838,2
2024.0,RD Chahar,-0.25056922041258917,9,-0.03073473631214753,-0.24771199636280627,9
2024.0,AD Russell,-0.26042797403337037,14,0.19402229495305143,-0.7444666617128638,14
2024.0,HH Pandya,-0.27375412788504455,14,0.057620708468668035,-0.8338797019263702,12
2024.0,A Badoni,-0.27423532258221367,13,-0.24321692407831907,-0.07299954127301868,2
2024.0,Mustafizur Rahman,-0.28533995814516616,9,-7.360556535262859e-18,-0.2572224295511142,9
2024.0,KK Ahmed,-0.3041647209825271,14,-7.360556535262859e-18,-0.2692224234292834,14
2024.0,AM Rahane,-0.3128364978260517,12,-0.28246854961257717,,0
2024.0,B Kumar,-0.3157243021204211,16,-0.18628692840666644,-0.34409842361199905,16
2024.0,PP Chawla,-0.36538005329909157,11,-0.08919228530776312,-0.10926836403407104,11
2024.0,SN Thakur,-0.3767889715605539,9,-0.10926246832033164,-0.41737372670842304,9
2024.0,Arshdeep Singh,-0.4548108874533346,14,-0.02253654702355673,-0.4997349873419909,14
2024.0,HV Patel,-0.45492479500541616,14,-0.13812700820291504,-0.3781041607930854,14
2024.0,MA Starc,-0.4716592016483698,13,-0.08912440195956359,-0.6397049298478742,13
2024.0,Naveen-ul-Haq,-0.4786833741551095,10,-0.0606471823397187,-0.5987131588097399,10
2024.0,SM Curran,-0.49757316095268506,13,-0.5056921136775061,-0.5266926956462356,13
2024.0,D Padikkal,-0.5075183786919943,8,-0.7554212770397395,,0
2024.0,Rasikh Salam,-0.5161532958314963,8,-0.2690204564578143,-0.6313711778363827,8
2024.0,KV Sharma,-0.5324163955279144,9,0.10223940052069648,-0.6911542423851187,9
2024.0,Mohsin Khan,-0.5700263939254168,10,0.006660216795124773,-0.5902191370060355,10
2024.0,JD Unadkat,-0.5781392837943335,11,-0.21797872342737162,-0.4780979492633955,11
2024.0,Shahbaz Ahmed,-0.5823544186786848,16,-0.29913724092513855,-0.791307034986109,15
2024.0,G Coetzee,-0.621470523566036,10,-0.27644523941825494,-0.7900681582021449,10
2024.0,MM Sharma,-0.8898515118293325,12,-0.23280281982604925,-0.8974852907705434,11
2024.0,Yash Thakur,-1.0275898013287363,10,-7.360556535262859e-18,-1.1276164391183063,10
2025.0,N Pooran,1.148458331484104,14,1.311896370866099,,0
2025.0,JM Sharma,1.1388384701846797,15,0.36380232194150147,,0
2025.0,Abhishek Sharma,1.0232443806675,14,1.2028184905842259,-0.08810218677705554,6
2025.0,SA Yadav,0.9612591527609479,16,1.141888633312433,,0
2025.0,Priyansh Arya,0.9160147209005474,18,1.070903014568897,,0
2025.0,PD Salt,0.8767749881653267,13,0.9613602371498616,,0
2025.0,H Klaasen,0.8598469290499724,13,0.9414448734847389,,0
2025.0,JJ Bumrah,0.8277634948500999,12,-0.01869649975967875,1.0851131162162713,12
2025.0,JC Buttler,0.8195091280717443,14,0.8098694682463189,,0
2025.0,Naman Dhir,0.8131220701488578,14,0.4373892517230397,0.2972212821399282,2
2025.0,SS Iyer,0.8026815556899931,17,0.945926055675708,,0
2025.0,MR Marsh,0.7981251931826085,13,1.02618430070403,,0
2025.0,TH David,0.7776430278556475,10,0.41750620474051614,,0
2025.0,YBK Jaiswal,0.7694673486174383,14,0.8294961969673137,,0
2025.0,B Sai Sudharsan,0.6484682556212996,15,0.7504602670604718,,0
2025.0,P Simran Singh,0.6146442201038651,18,0.7873769857332945,,0
2025.0,KK Nair,0.5771883599943832,8,0.6580782661413109,,0
2025.0,Shubman Gill,0.5666570978402262,15,0.6371652457783374,,0
2025.0,JP Inglis,0.5502829143381747,11,0.5218206620709046,,0
2025.0,Ishan Kishan,0.5382984275783224,14,0.18680591522062942,,0
2025.0,RD Rickelton,0.5193743478925487,14,0.35262699054213903,,0
2025.0,CV Varun,0.48093237334569466,13,-0.006067531890957587,0.6167743941512148,13
2025.0,R Parag,0.4457447561808086,14,0.6256383829899669,0.19029598046598606,9
2025.0,MJ Santner,0.4221653061504048,13,-0.12360884771151834,0.45705598544139076,13
2025.0,TM Head,0.4195994209652904,12,0.53660426570447,,0
2025.0,KL Rahul,0.4131293272185654,13,0.4945713707441196,,0
2025.0,SP Narine,0.39256846623773983,12,0.3953633245206256,0.6093971313571718,12
2025.0,Aniket Verma,0.379686822153084,13,0.3510202662533964,,0
2025.0,M Shahrukh Khan,0.32005789614239455,11,0.42227717972297096,-0.014886534601745844,1
2025.0,Kuldeep Yadav,0.31045582543632755,14,-0.06936331916084171,0.7721081501004818,14
2025.0,N Rana,0.29804409213114663,11,0.3825137723249061,0.13912850966787957,2
2025.0,Dhruv Jurel,0.2924779801367596,13,0.2936211466756298,,0
2025.0,V Kohli,0.27006449419097783,15,0.33937257198654225,,0
2025.0,AM Rahane,0.2683617750578665,12,0.3160611225523806,,0
2025.0,DS Rathi,0.2542715947979992,13,-0.05784245430237564,0.323576727526051,13
2025.0,RK Singh,0.24108701313564715,11,0.158060778303225,,0
2025.0,Abdul Samad,0.23721126166490825,13,0.24240942259249604,,0
2025.0,M Prasidh Krishna,0.23142125005358657,15,-7.360556535262859e-18,0.31095653218813,15
2025.0,AR Patel,0.22693584754509896,13,0.3412588675602465,0.3377038752266027,12
2025.0,A Kamboj,0.21161782201835433,8,-0.10999160087976682,0.3889620756330101,8
2025.0,SV Samson,0.21127973783000628,9,0.2133920338805332,,0
2025.0,Abishek Porel,0.20195669205051753,13,0.2461329764287692,,0
2025.0,A Badoni,0.19630989476783822,13,0.02392455415485645,0.3014143981424251,1
2025.0,Ashutosh Sharma,0.1814867690042431,10,0.04003130711071749,,0
2025.0,N Wadhera,0.16838317266947514,15,0.2027008874803734,,0
2025.0,RG Sharma,0.160110787721096,15,0.27820167171016746,,0
2025.0,R Tewatia,0.15951901514731404,14,0.0407896230747008,,0
2025.0,KH Pandya,0.1279338216846889,15,-0.14844405490617338,0.24293473997637355,15
2025.0,D Padikkal,0.11929951472791356,10,0.22166510918363472,,0
2025.0,AK Markram,0.10278191704636337,13,0.3955561955064716,-0.24589335155769282,5
2025.0,Tilak Varma,0.09487322202337815,16,-0.08344988464502893,,0
2025.0,SB Dubey,0.08840326048931796,8,0.17892409964907774,,0
2025.0,PJ Cummins,0.08804964763457249,14,0.12899940744727215,-0.07684099022188763,14
2025.0,VR Iyer,0.08193336530765906,8,-0.061948637040147234,,0
2025.0,WG Jacks,0.07454171255417458,13,0.04325491626010047,-0.09571768578533854,8
2025.0,Shashank Singh,0.05415551261478121,14,0.07788848757320012,0.012783775714133047,1
2025.0,HH Pandya,0.05349860613080991,15,0.09578442097313987,-0.07249167302654982,14
2025.0,Noor Ahmad,0.028632923172985887,14,-0.19969466951704207,0.20169058496124184,14
2025.0,V Nigam,0.025585333604798453,14,0.26025097182819684,-0.1677561783853732,13
2025.0,DL Chahar,0.01363875293537041,14,-0.01615620529691839,-0.10547644289250217,14
2025.0,T Stubbs,0.0049408646115141185,14,0.1536320242429204,-0.49076478284838965,2
2025.0,JR Hazlewood,0.0017656384706224622,12,-0.01589020003257689,0.19406568927142254,12
2025.0,SO Hetmyer,0.0007919211550764407,14,-0.20811988979794047,,0
2025.0,RM Patidar,-0.0010929437913015372,14,0.06906839388551048,,0
2025.0,A Raghuvanshi,-0.0012892106572190976,11,0.05887519277674054,,0
2025.0,TA Boult,-0.016747587834786127,16,-0.037904488962324186,0.0011330147155979853,16
2025.0,Rashid Khan,-0.0417172083736824,15,-0.0704781490561188,-0.15326791501472478,15
2025.0,RA Jadeja,-0.04860294996074472,14,-0.21857388914963075,0.15984433938034798,13
2025.0,SE Rutherford,-0.04972933291570698,11,0.0251321777807775,,0
2025.0,PWH de Silva,-0.05041723459185026,11,-0.15323796817831464,0.04250295577004875,11
2025.0,RR Pant,-0.06211833581997988,14,-0.15428245410323477,,0
2025.0,Mohammed Siraj,-0.06458382384812715,15,-0.04568998253197571,-0.06886347006875111,15
2025.0,Arshdeep Singh,-0.07944896507852647,16,-0.06594923860184229,0.025699419050895837,16
2025.0,Suyash Sharma,-0.10028447256398824,14,-7.360556535262859e-18,-0.02936330764276703,14
2025.0,M Jansen,-0.10813463200000824,14,-0.23825054680499777,-0.15712175451793678,14
2025.0,MP Stoinis,-0.12061884187552958,12,0.3723984539925076,-1.0002945024112362,8
2025.0,LS Livingstone,-0.14218324093551368,9,-0.194348163994064,0.00952442702652969,5
2025.0,JC Archer,-0.14474319877153002,12,-0.11398096180995977,-0.1258538843478879,12
2025.0,MS Dhoni,-0.1450719416412411,14,-0.36146021958931307,,0
2025.0,AD Russell,-0.1517426983086082,12,0.10363282692686947,-0.7185983459080149,9
2025.0,Arshad Khan,-0.16683346087086828,9,-0.17912649500499808,-0.7398867230203263,9
2025.0,R Ashwin,-0.17145564214622402,9,-0.11164229790777662,-0.17714315082390547,9
2025.0,MM Sharma,-0.18555633799937196,8,-0.06594923860184229,-0.23814342032290645,8
2025.0,Nithish Kumar Reddy,-0.19022600382937546,13,-0.41089477737710484,0.1234049259716287,3
2025.0,Zeeshan Ansari,-0.19980940452170387,10,-7.360556535262859e-18,-0.23046685039160192,10
2025.0,MA Starc,-0.20419091794073355,12,-0.13292145608961797,-0.4464500803089784,11
2025.0,Harshit Rana,-0.21741242265605823,13,-0.23967535450934335,-0.46543376130400393,13
2025.0,Sandeep Sharma,-0.22022124470505933,10,-0.047326748749469134,-0.17480745748027302,10
2025.0,YS Chahal,-0.2217303264991863,13,-7.360556535262859e-18,-0.19331487671628178,13
2025.0,R Ravindra,-0.23502739045309579,8,-0.23354492419951384,,0
2025.0,Q de Kock,-0.23557317431899163,8,-0.26614939854631947,,0
2025.0,Yash Dayal,-0.23710324933002483,15,-0.0786178700046101,-0.17885988709219258,15
2025.0,B Kumar,-0.2643340853133153,14,-0.2399145722942949,-0.05874664056865704,14
2025.0,DA Miller,-0.30609684495369455,10,-0.38108079850348653,,0
2025.0,TU Deshpande,-0.32548113041980975,10,-0.10008613963094297,-0.5777222139005005,10
2025.0,F du Plessis,-0.33006943222282775,9,-0.39507834204683845,,0
2025.0,M Theekshana,-0.3302100696740557,11,-0.3908895205701771,-0.16870715122213256,11
2025.0,VG Arora,-0.33563982722532115,12,-0.12992789998771692,-0.38303791441724466,12
2025.0,Avesh Khan,-0.3367105485202554,13,-0.006610017416800402,-0.4889809091886459,13
2025.0,Mukesh Kumar,-0.34581075137212064,12,-7.360556535262859e-18,-0.3212617890785406,12
2025.0,HV Patel,-0.3687306089924614,13,-0.22837758401562047,-0.25840924715021973,13
2025.0,R Sai Kishore,-0.3694910257630241,14,-0.10829853989235481,-0.42002284670921597,14
2025.0,Azmatullah Omarzai,-0.38812270404663096,8,-0.05572350749906705,-0.6166580770235934,8
2025.0,KK Ahmed,-0.43697617676999306,14,-0.021659707978470968,-0.40782831016665905,14
2025.0,S Dube,-0.5005532763290558,14,-0.4371713961960615,-0.08678007973720452,1
2025.0,SN Thakur,-0.5611328641123499,10,-0.0746728471135639,-0.8901201455361267,10
2025.0,M Pathirana,-0.6785359079228361,12,-7.360556535262859e-18,-0.7553196506345023,12
2025.0,Ravi Bishnoi,-0.7357751284476087,12,-0.14154057341002216,-1.0547527295306844,11
2025.0,Mohammed Shami,-0.8583489519252612,9,-0.11257079366007004,-0.9232591722363472,9
2026.0,V Suryavanshi,2.2206566924558975,9,2.71941992470257,,0
2026.0,Ishan Kishan,1.5565004946224728,8,1.7782478135521351,,0
2026.0,P Simran Singh,1.5012835934741364,8,1.394792656262461,,0
2026.0,Abhishek Sharma,1.2355721636749788,8,2.0088188145455166,-0.3568144569546897,2
2026.0,KL Rahul,1.212796066188758,8,1.4378144138157387,,0
2026.0,SV Samson,0.8378882821569198,8,0.9647840569207657,,0
2026.0,V Kohli,0.7980776540288677,8,0.9179480238289398,,0
2026.0,JM Sharma,0.7650091915009948,8,-0.24803400440628928,,0
2026.0,B Sai Sudharsan,0.7555673096445676,8,0.931860605327149,,0
2026.0,JC Buttler,0.6645427939155035,8,0.505149182953085,,0
2026.0,B Kumar,0.5638453917168411,8,-0.062227372594636586,0.8676548196278226,8
2026.0,SN Khan,0.5380758755831875,8,0.4746896103428275,,0
2026.0,Dhruv Jurel,0.5352032371200411,9,0.2535464963690253,,0
2026.0,YBK Jaiswal,0.40561859533610944,9,0.5272589857038359,,0
2026.0,Mohammed Siraj,0.30176920486456027,8,-0.11217899855807245,0.5095198595297307,8
2026.0,Prince Yadav,0.24251315969450332,8,-0.02804474963951812,0.426098496175182,8
2026.0,H Klaasen,0.22707501334787772,8,0.1502930842199312,,0
2026.0,Sameer Rizvi,0.22145828676558055,8,0.19808545642407463,,0
2026.0,JC Archer,0.19412663530938595,9,-0.1887207645466962,0.3515478846839443,9
2026.0,Mohammed Shami,0.1637335916848699,8,-0.04903972266067232,0.37334571808394845,8
2026.0,Aniket Verma,0.14499822458660538,8,0.012245315052730785,,0
2026.0,A Kamboj,0.11343041683831091,8,-0.1882165861128099,0.25022024821416045,8
2026.0,Nithish Kumar Reddy,0.0871048295236366,8,0.47902422578089443,-0.3651041559164165,8
2026.0,AR Patel,0.05652778041509633,8,-0.22722073677005694,0.45022951666185584,8
2026.0,DA Miller,0.002083123195894321,8,-0.09196534698601389,,0
2026.0,RA Jadeja,-0.0033503177685698937,8,-0.4592976214565212,0.5267217054156949,7
2026.0,T Natarajan,-0.011862828173132348,8,-0.037904488962324186,-0.19752815783954197,7
2026.0,A Raghuvanshi,-0.018842793033080237,8,0.02078989629462218,,0
2026.0,TM Head,-0.01996381271454272,8,0.08339580097264054,,0
2026.0,KH Pandya,-0.02171305675378335,8,-0.16390021814042904,0.221257445416575,8
2026.0,R Parag,-0.06864986026655427,9,-0.18303601679836035,0.07726246369117988,4
2026.0,C Green,-0.07766841988828713,8,0.20183604205072148,-0.5442123816994102,4
2026.0,MD Choudhary,-0.08756266921076011,8,-0.060057016855589423,,0
2026.0,Washington Sundar,-0.09130870302166265,8,-0.014576141460287295,-0.073036370561711,3
2026.0,A Badoni,-0.09977477166311986,8,0.07487795964450603,-0.059535060987235426,1
2026.0,RR Pant,-0.10145281714790245,8,-0.3001349971371961,,0
2026.0,AM Rahane,-0.11759402402244434,8,-0.0953880225163944,,0
2026.0,MR Marsh,-0.12811381910004832,8,-0.1397266277005039,,0
2026.0,E Malinga,-0.1440619276881759,8,-7.360556535262859e-18,-0.15848910839241867,8
2026.0,Noor Ahmad,-0.19168361480063034,8,-0.3131150936678486,-0.3092726580893988,8
2026.0,K Rabada,-0.22015646154447205,8,-0.17818903306165368,-0.11911741272413519,8
2026.0,AK Markram,-0.2803830667186965,8,0.12915379834210378,-1.0959183551547336,4
2026.0,Ravi Bishnoi,-0.3063557665659741,8,-0.08413424891855434,-0.42340471033194865,8
2026.0,S Dube,-0.32382847794937336,8,-0.2929932452764269,-0.10461091107591185,2
2026.0,Arshdeep Singh,-0.3391150186608597,8,-7.360556535262859e-18,-0.3879633330661644,8
2026.0,RD Gaikwad,-0.5183493059385667,8,-0.6307895761327479,,0
2026.0,Rashid Khan,-0.5665801769707124,8,-0.18630760503431137,-0.36529704381655814,8
2026.0,Kuldeep Yadav,-0.5815216020690742,8,-0.4392696529519803,-0.5314379524967338,7
2026.0,N Burger,-0.663730129399393,9,-0.07614997088662617,-0.6148160222927344,9
2026.0,N Pooran,-0.8896556525274629,8,-1.0676205721196845,,0
2026.0,R Shepherd,-1.2064852556027696,8,0.08386675399556709,-1.7153691623308454,6
