season,team,death_avg_runs,mid_avg_runs,pp_avg_runs,matches,wins,losses,win_rate,toss_chose_bat,toss_chose_field,depth_avg_runs
2008,Chennai Super Kings,47.4286,70.875,45.125,16,9,7,0.5625,4.0,1.0,19.6
2008,Deccan Chargers,49.9231,67.7143,45.1429,14,2,12,0.1429,4.0,5.0,18.4
2008,Delhi Capitals,34.3333,71.0,50.8571,14,7,7,0.5,2.0,4.0,22.8889
2008,Kolkata Knight Riders,45.0,63.3077,41.0769,13,6,7,0.4615,6.0,0.0,29.6364
2008,Mumbai Indians,41.3333,69.0769,49.0,14,7,7,0.5,1.0,7.0,26.8889
2008,Punjab Kings,43.0,72.5333,51.6,15,10,5,0.6667,4.0,4.0,28.0
2008,Rajasthan Royals,37.2,80.6875,47.0,16,13,3,0.8125,3.0,8.0,22.1111
2008,Royal Challengers Bengaluru,38.5714,64.0714,39.0,14,4,10,0.2857,2.0,3.0,20.5385
2009,Chennai Super Kings,42.0,66.3571,51.0,14,8,6,0.5714,6.0,1.0,13.375
2009,Deccan Chargers,41.5,63.75,50.4375,16,9,7,0.5625,5.0,5.0,13.6
2009,Delhi Capitals,42.5714,59.1429,47.1333,15,10,5,0.6667,4.0,5.0,15.4286
2009,Kolkata Knight Riders,47.5,52.0769,39.2308,12,3,9,0.25,4.0,2.0,22.1429
2009,Mumbai Indians,44.9231,62.3077,38.6923,13,5,8,0.3846,6.0,0.0,20.3333
2009,Punjab Kings,39.1538,59.2143,42.1429,14,7,7,0.5,3.0,3.0,18.4444
2009,Rajasthan Royals,34.75,62.0,35.7692,12,5,7,0.4167,2.0,2.0,32.3636
2009,Royal Challengers Bengaluru,40.25,62.4375,39.8125,16,9,7,0.5625,5.0,3.0,23.0
2010,Chennai Super Kings,47.2667,70.75,47.125,15,9,6,0.6,7.0,2.0,24.4444
2010,Deccan Chargers,35.5625,68.125,44.6875,16,8,8,0.5,5.0,4.0,20.75
2010,Delhi Capitals,39.0714,63.6429,51.2143,14,7,7,0.5,5.0,3.0,21.2
2010,Kolkata Knight Riders,42.0,66.3571,44.7857,14,7,7,0.5,6.0,1.0,31.0
2010,Mumbai Indians,54.875,66.125,50.125,16,11,5,0.6875,7.0,2.0,29.75
2010,Punjab Kings,46.7857,67.7857,48.1429,13,3,10,0.2308,3.0,2.0,27.75
2010,Rajasthan Royals,38.3077,72.4286,47.6429,14,6,8,0.4286,5.0,1.0,22.5455
2010,Royal Challengers Bengaluru,44.5,65.75,45.375,16,8,8,0.5,1.0,5.0,18.8889
2011,Chennai Super Kings,49.1875,72.4375,38.375,16,11,5,0.6875,7.0,2.0,8.0
2011,Deccan Chargers,43.9286,65.2143,43.7143,14,6,8,0.4286,3.0,3.0,21.6
2011,Delhi Capitals,46.3077,64.5714,41.5,13,4,9,0.3077,3.0,5.0,23.5
2011,Kochi Tuskers Kerala,35.4545,59.3571,48.5714,14,6,8,0.4286,3.0,5.0,18.1
2011,Kolkata Knight Riders,39.5833,61.5333,41.6667,15,8,7,0.5333,1.0,6.0,20.0
2011,Mumbai Indians,44.4667,59.9375,41.375,16,10,6,0.625,1.0,5.0,22.375
2011,Pune Warriors,36.3333,61.2308,41.7692,13,4,9,0.3077,2.0,3.0,16.9091
2011,Punjab Kings,37.4286,76.5714,44.8571,14,7,7,0.5,3.0,7.0,23.6
2011,Rajasthan Royals,31.0909,64.0769,39.3846,13,6,7,0.4615,1.0,6.0,16.6667
2011,Royal Challengers Bengaluru,41.0714,67.9375,50.4375,16,10,6,0.625,0.0,6.0,23.5714
2012,Chennai Super Kings,46.3333,66.4444,44.5,18,10,8,0.5556,4.0,3.0,19.7692
2012,Deccan Chargers,47.9333,62.8,43.4,15,4,11,0.2667,7.0,2.0,14.4444
2012,Delhi Capitals,34.5333,70.7222,47.4444,18,11,7,0.6111,2.0,8.0,20.1818
2012,Kolkata Knight Riders,40.8125,63.7059,45.1765,17,12,5,0.7059,4.0,3.0,21.9
2012,Mumbai Indians,38.1176,67.7059,39.0,17,10,7,0.5882,3.0,8.0,22.9286
2012,Pune Warriors,42.3125,60.5,42.25,16,4,12,0.25,4.0,2.0,23.6154
2012,Punjab Kings,42.5,66.875,40.0,16,8,8,0.5,4.0,4.0,29.0
2012,Rajasthan Royals,45.6875,65.875,45.6875,16,7,9,0.4375,8.0,2.0,11.9
2012,Royal Challengers Bengaluru,52.9333,70.0,41.8667,15,8,7,0.5333,1.0,5.0,15.1
2013,Chennai Super Kings,50.5882,64.2778,42.2778,18,12,6,0.6667,5.0,3.0,28.25
2013,Delhi Capitals,38.125,61.5625,39.9375,15,3,12,0.2,3.0,2.0,23.5385
2013,Kolkata Knight Riders,39.1875,59.625,44.3125,16,6,10,0.375,6.0,6.0,18.9091
2013,Mumbai Indians,48.7368,67.3158,40.5263,19,13,6,0.6842,10.0,2.0,13.6154
2013,Pune Warriors,38.75,60.375,42.25,16,4,12,0.25,5.0,4.0,23.2727
2013,Punjab Kings,42.6667,67.75,44.0,16,8,8,0.5,2.0,5.0,17.3636
2013,Rajasthan Royals,40.1667,69.1667,40.9444,18,11,7,0.6111,6.0,5.0,21.5
2013,Royal Challengers Bengaluru,49.7333,70.375,43.6875,14,8,6,0.5714,1.0,2.0,21.1429
2013,Sunrisers Hyderabad,43.375,57.4706,36.8824,16,9,7,0.5625,6.0,1.0,32.7143
2014,Chennai Super Kings,46.5,66.9375,52.1875,16,10,6,0.625,4.0,6.0,17.1429
2014,Delhi Capitals,42.2143,65.2143,41.2143,14,2,12,0.1429,1.0,3.0,21.3333
2014,Kolkata Knight Riders,42.2,72.6875,43.25,15,11,4,0.7333,2.0,7.0,21.5
2014,Mumbai Indians,42.6429,71.0667,46.0,15,7,8,0.4667,3.0,3.0,12.5455
2014,Punjab Kings,48.0,79.5882,50.9412,17,12,5,0.7059,1.0,6.0,17.3333
2014,Rajasthan Royals,48.8462,66.2143,42.3571,13,6,7,0.4615,1.0,6.0,30.2727
2014,Royal Challengers Bengaluru,50.0,66.9286,36.1429,14,5,9,0.3571,2.0,7.0,20.0
2014,Sunrisers Hyderabad,46.4615,64.0,47.5714,14,6,8,0.4286,4.0,3.0,14.7778
2015,Chennai Super Kings,43.5294,69.0588,47.7059,17,10,7,0.5882,7.0,3.0,23.0909
2015,Delhi Capitals,46.0769,69.0714,43.0,13,5,8,0.3846,2.0,3.0,19.4286
2015,Kolkata Knight Riders,46.0909,67.5385,50.6923,13,7,6,0.5385,1.0,7.0,27.0
2015,Mumbai Indians,60.1333,71.0,43.5,16,10,6,0.625,5.0,2.0,22.7
2015,Punjab Kings,45.6667,59.4286,44.5,13,2,11,0.1538,3.0,3.0,24.0
2015,Rajasthan Royals,47.3846,72.9231,44.0769,12,7,5,0.5833,1.0,4.0,27.2222
2015,Royal Challengers Bengaluru,52.7273,71.0,46.0625,14,8,6,0.5714,2.0,7.0,22.25
2015,Sunrisers Hyderabad,46.0769,64.6429,50.4286,14,7,7,0.5,4.0,2.0,24.4444
2016,Delhi Capitals,41.6923,70.0714,41.5,14,7,7,0.5,0.0,8.0,25.0
2016,Gujarat Lions,38.7333,67.0625,49.75,16,9,7,0.5625,0.0,8.0,24.2727
2016,Kolkata Knight Riders,43.3846,70.7143,47.2667,15,8,7,0.5333,0.0,6.0,17.7778
2016,Mumbai Indians,45.0714,68.7857,42.8571,14,7,7,0.5,2.0,7.0,31.4286
2016,Punjab Kings,43.4615,66.6429,45.4286,14,4,10,0.2857,2.0,4.0,24.2
2016,Rising Pune Supergiants,48.1818,63.9286,45.5714,14,5,9,0.3571,3.0,4.0,10.5556
2016,Royal Challengers Bengaluru,58.4,82.9375,48.625,16,9,7,0.5625,1.0,5.0,17.1667
2016,Sunrisers Hyderabad,45.1875,67.6471,47.0588,17,11,6,0.6471,3.0,7.0,24.2308
2017,Delhi Capitals,45.3077,67.5714,48.8571,14,6,8,0.4286,3.0,5.0,33.3
2017,Gujarat Lions,44.4615,76.5,54.0714,13,4,9,0.3077,0.0,6.0,27.7778
2017,Kolkata Knight Riders,31.8571,76.1333,56.0,16,9,7,0.5625,0.0,9.0,22.3
2017,Mumbai Indians,48.0,68.1176,50.7647,16,11,5,0.6875,2.0,9.0,26.0769
2017,Punjab Kings,45.1667,69.3571,49.5714,14,7,7,0.5,0.0,4.0,31.375
2017,Rising Pune Supergiants,45.4,62.75,49.0625,16,10,6,0.625,0.0,6.0,17.6
2017,Royal Challengers Bengaluru,42.25,61.8462,41.0769,13,3,10,0.2308,4.0,5.0,23.1818
2017,Sunrisers Hyderabad,44.1429,74.9286,48.7143,14,8,6,0.5714,1.0,4.0,12.0
2018,Chennai Super Kings,53.25,73.5625,48.75,16,11,5,0.6875,1.0,10.0,19.375
2018,Delhi Capitals,55.5,75.5385,49.6429,14,5,9,0.3571,3.0,5.0,18.4286
2018,Kolkata Knight Riders,44.125,73.625,54.6875,16,9,7,0.5625,0.0,9.0,32.1667
2018,Mumbai Indians,44.2143,75.6429,50.1429,14,6,8,0.4286,1.0,4.0,19.8
2018,Punjab Kings,43.0,66.3571,51.5714,14,6,8,0.4286,1.0,6.0,22.8
2018,Rajasthan Royals,42.5,65.5333,51.9333,15,7,8,0.4667,2.0,4.0,21.3
2018,Royal Challengers Bengaluru,49.0769,69.2143,51.0714,14,6,8,0.4286,0.0,7.0,22.5455
2018,Sunrisers Hyderabad,40.2941,73.0,46.7647,17,10,7,0.5882,2.0,5.0,21.8333
2019,Chennai Super Kings,43.6471,63.1765,38.6471,17,10,7,0.5882,3.0,9.0,18.0
2019,Delhi Capitals,41.0,66.0625,50.375,15,9,6,0.6,2.0,7.0,17.0769
2019,Kolkata Knight Riders,56.8462,75.5,47.8571,13,6,7,0.4615,0.0,5.0,28.375
2019,Mumbai Indians,49.75,68.3125,48.25,15,10,5,0.6667,2.0,5.0,21.2
2019,Punjab Kings,45.5,79.5,48.5,14,6,8,0.4286,0.0,6.0,12.1429
2019,Rajasthan Royals,44.3077,71.2308,49.4286,13,5,8,0.3846,2.0,8.0,25.75
2019,Royal Challengers Bengaluru,49.7692,65.6154,50.5714,13,5,8,0.3846,0.0,4.0,17.4444
2019,Sunrisers Hyderabad,41.7857,68.5333,55.8,14,6,8,0.4286,0.0,4.0,15.5556
2020,Chennai Super Kings,47.1429,66.5714,42.7857,14,6,8,0.4286,3.0,5.0,20.1111
2020,Delhi Capitals,46.4118,72.5882,44.3529,16,8,8,0.5,5.0,5.0,31.3
2020,Kolkata Knight Riders,48.8571,67.0,42.6429,13,6,7,0.4615,4.0,2.0,34.3636
2020,Mumbai Indians,57.1429,71.25,49.6875,14,11,3,0.7857,3.0,3.0,20.6
2020,Punjab Kings,46.1429,72.2857,48.3571,12,5,7,0.4167,1.0,2.0,14.8571
2020,Rajasthan Royals,45.1429,71.8571,46.4286,14,6,8,0.4286,2.0,5.0,32.2727
2020,Royal Challengers Bengaluru,48.2143,61.6667,45.2,14,6,8,0.4286,4.0,2.0,17.375
2020,Sunrisers Hyderabad,41.5333,68.875,50.25,15,8,7,0.5333,4.0,6.0,15.375
2021,Chennai Super Kings,52.25,73.0625,45.5,16,11,5,0.6875,2.0,4.0,29.1429
2021,Delhi Capitals,40.375,66.25,48.8125,15,9,6,0.6,0.0,7.0,22.8571
2021,Kolkata Knight Riders,37.0625,68.9412,46.7059,17,9,8,0.5294,1.0,7.0,24.7692
2021,Mumbai Indians,41.5385,64.3571,48.2857,14,7,7,0.5,3.0,5.0,13.5455
2021,Punjab Kings,43.1538,71.0,42.5,14,6,8,0.4286,1.0,4.0,21.2222
2021,Rajasthan Royals,41.2143,71.1429,44.5,14,5,9,0.3571,1.0,7.0,30.0
2021,Royal Challengers Bengaluru,42.5333,63.9333,47.0667,15,9,6,0.6,4.0,6.0,16.0909
2021,Sunrisers Hyderabad,40.2857,61.2857,46.7857,13,3,10,0.2308,3.0,4.0,24.9091
2022,Chennai Super Kings,46.5,71.9286,45.0,14,4,10,0.2857,2.0,4.0,22.1818
2022,Delhi Capitals,48.4615,68.0714,54.1429,14,7,7,0.5,0.0,8.0,37.6
2022,Gujarat Titans,50.3125,69.875,46.25,16,12,4,0.75,4.0,6.0,14.1111
2022,Kolkata Knight Riders,44.0833,77.4286,43.5714,14,6,8,0.4286,1.0,7.0,39.6364
2022,Lucknow Super Giants,54.2143,74.6,44.6667,15,9,6,0.6,2.0,5.0,25.2
2022,Mumbai Indians,49.3846,67.7857,44.7143,14,4,10,0.2857,0.0,9.0,11.8462
2022,Punjab Kings,40.1429,72.0,55.2143,14,7,7,0.5,1.0,3.0,22.1667
2022,Rajasthan Royals,51.1765,71.7059,50.2353,17,10,7,0.5882,2.0,2.0,16.0
2022,Royal Challengers Bengaluru,48.0625,72.9375,43.5,16,9,7,0.5625,2.0,6.0,31.4545
2022,Sunrisers Hyderabad,44.6154,73.3571,42.1429,14,6,8,0.4286,1.0,9.0,23.0
2023,Chennai Super Kings,48.9286,78.9333,56.2,15,10,5,0.6667,4.0,5.0,23.5556
2023,Delhi Capitals,38.9286,67.5,49.4286,14,5,9,0.3571,2.0,5.0,39.4167
2023,Gujarat Titans,54.3125,76.2941,52.2353,17,11,6,0.6471,2.0,7.0,26.75
2023,Kolkata Knight Riders,47.2857,78.6429,50.0,14,6,8,0.4286,1.0,4.0,31.5833
2023,Lucknow Super Giants,45.4,72.2,47.6667,14,8,6,0.5714,0.0,3.0,28.3846
2023,Mumbai Indians,46.6875,81.9375,55.4375,16,9,7,0.5625,1.0,9.0,21.4
2023,Punjab Kings,57.4286,73.0,52.1429,14,6,8,0.4286,1.0,4.0,26.2308
2023,Rajasthan Royals,53.6667,70.3571,56.4286,14,7,7,0.5,4.0,6.0,16.7273
2023,Royal Challengers Bengaluru,43.7143,79.5,55.5,14,7,7,0.5,3.0,5.0,27.3333
2023,Sunrisers Hyderabad,47.3571,74.8571,47.5,14,4,10,0.2857,3.0,4.0,34.1818
2024,Chennai Super Kings,53.0,74.9286,52.3571,14,7,7,0.5,0.0,3.0,28.8889
2024,Delhi Capitals,49.3077,73.9286,64.0714,14,7,7,0.5,2.0,5.0,23.8889
2024,Gujarat Titans,48.4167,75.25,46.3333,12,5,7,0.4167,0.0,3.0,29.375
2024,Kolkata Knight Riders,46.8333,83.9286,66.4286,14,11,3,0.7857,1.0,2.0,34.0
2024,Lucknow Super Giants,47.7143,80.0,49.6429,14,7,7,0.5,4.0,5.0,32.3
2024,Mumbai Indians,46.2857,80.7857,56.3571,14,4,10,0.2857,1.0,9.0,28.8333
2024,Punjab Kings,48.0714,76.5,53.0714,14,5,9,0.3571,2.0,8.0,37.75
2024,Rajasthan Royals,47.9333,77.0,51.5333,15,9,6,0.6,3.0,8.0,13.3333
2024,Royal Challengers Bengaluru,58.2857,82.5333,58.4,15,7,8,0.4667,2.0,6.0,27.0769
2024,Sunrisers Hyderabad,48.9333,77.8125,67.0625,16,9,7,0.5625,4.0,3.0,37.0909
2025,Chennai Super Kings,48.4286,73.7143,52.2143,14,4,10,0.2857,1.0,5.0,28.3077
2025,Delhi Capitals,46.2857,78.7857,52.5714,12,6,6,0.5,1.0,7.0,36.4444
2025,Gujarat Titans,47.2,90.2667,55.3333,15,9,6,0.6,0.0,7.0,12.0
2025,Kolkata Knight Riders,44.1818,66.0833,55.6154,12,5,7,0.4167,2.0,4.0,32.4444
2025,Lucknow Super Giants,49.8571,89.3571,55.9286,14,6,8,0.4286,1.0,4.0,20.3
2025,Mumbai Indians,47.7333,78.8125,58.4375,16,9,7,0.5625,1.0,7.0,21.5833
2025,Punjab Kings,51.2,78.8333,59.7222,16,10,6,0.625,4.0,7.0,27.4286
2025,Rajasthan Royals,42.7143,77.9286,65.2857,13,4,9,0.3077,0.0,6.0,30.3333
2025,Royal Challengers Bengaluru,48.1538,76.3333,58.8,15,11,4,0.7333,0.0,7.0,33.375
2025,Sunrisers Hyderabad,47.1538,88.0769,58.5385,13,6,7,0.4615,2.0,4.0,21.0909
2026,Chennai Super Kings,47.6923,76.4286,60.0,14,6,8,0.4286,1.0,4.0,36.0
2026,Delhi Capitals,48.2143,82.5714,52.0,14,7,7,0.5,2.0,8.0,32.1
2026,Gujarat Titans,41.0,83.1176,57.8824,17,10,7,0.5882,0.0,7.0,29.1111
2026,Kolkata Knight Riders,45.5833,80.1538,51.4286,12,5,7,0.4167,1.0,5.0,28.5714
2026,Lucknow Super Giants,45.8571,71.7143,61.7857,13,4,9,0.3077,0.0,5.0,31.8182
2026,Mumbai Indians,48.6923,81.5,55.6429,14,4,10,0.2857,2.0,7.0,23.4545
2026,Punjab Kings,53.0769,89.7692,65.6923,13,7,6,0.5385,0.0,7.0,38.375
2026,Rajasthan Royals,45.7857,82.1875,70.0,16,9,7,0.5625,4.0,6.0,33.0
2026,Royal Challengers Bengaluru,46.4,85.0625,62.5,16,11,5,0.6875,0.0,8.0,29.4444
2026,Sunrisers Hyderabad,49.1429,91.0,66.4667,15,9,6,0.6,2.0,3.0,21.9091
