match_id,season,over,ball_in_over,batting_team,bowling_team,cumulative_runs,cumulative_wickets,rf_win_prob,batting_team_won
1529306,2026,1,2,Sunrisers Hyderabad,Chennai Super Kings,4,0,0.47523584905660377,1
1529306,2026,1,3,Sunrisers Hyderabad,Chennai Super Kings,4,0,0.3699421965317919,1
1529306,2026,1,4,Sunrisers Hyderabad,Chennai Super Kings,4,0,0.24605678233438485,1
1529306,2026,1,5,Sunrisers Hyderabad,Chennai Super Kings,8,0,0.47523584905660377,1
1529306,2026,1,5,Sunrisers Hyderabad,Chennai Super Kings,9,0,0.5421245421245421,1
1529306,2026,1,6,Sunrisers Hyderabad,Chennai Super Kings,10,0,0.47523584905660377,1
1529306,2026,2,1,Sunrisers Hyderabad,Chennai Super Kings,10,0,0.47523584905660377,1
1529306,2026,2,2,Sunrisers Hyderabad,Chennai Super Kings,11,0,0.29444444444444445,1
1529306,2026,2,3,Sunrisers Hyderabad,Chennai Super Kings,15,0,0.47523584905660377,1
1529306,2026,2,4,Sunrisers Hyderabad,Chennai Super Kings,15,0,0.5153061224489796,1
1529306,2026,2,5,Sunrisers Hyderabad,Chennai Super Kings,15,0,0.24605678233438485,1
1529306,2026,2,6,Sunrisers Hyderabad,Chennai Super Kings,15,0,0.21566401816118047,1
1529306,2026,3,1,Sunrisers Hyderabad,Chennai Super Kings,16,0,0.21566401816118047,1
1529306,2026,3,2,Sunrisers Hyderabad,Chennai Super Kings,18,0,0.24605678233438485,1
1529306,2026,3,3,Sunrisers Hyderabad,Chennai Super Kings,18,1,0.21566401816118047,1
1529306,2026,3,4,Sunrisers Hyderabad,Chennai Super Kings,18,1,0.21566401816118047,1
1529306,2026,3,5,Sunrisers Hyderabad,Chennai Super Kings,18,1,0.11052631578947368,1
1529306,2026,3,6,Sunrisers Hyderabad,Chennai Super Kings,19,1,0.11052631578947368,1
1529306,2026,4,1,Sunrisers Hyderabad,Chennai Super Kings,23,1,0.21566401816118047,1
1529306,2026,4,2,Sunrisers Hyderabad,Chennai Super Kings,23,1,0.1862348178137652,1
1529306,2026,4,3,Sunrisers Hyderabad,Chennai Super Kings,23,1,0.11052631578947368,1
1529306,2026,4,4,Sunrisers Hyderabad,Chennai Super Kings,27,1,0.21566401816118047,1
1529306,2026,4,5,Sunrisers Hyderabad,Chennai Super Kings,27,1,0.18106995884773663,1
1529306,2026,4,6,Sunrisers Hyderabad,Chennai Super Kings,31,1,0.21566401816118047,1
1529306,2026,5,1,Sunrisers Hyderabad,Chennai Super Kings,35,1,0.21566401816118047,1
1529306,2026,5,2,Sunrisers Hyderabad,Chennai Super Kings,36,1,0.21566401816118047,1
1529306,2026,5,3,Sunrisers Hyderabad,Chennai Super Kings,36,1,0.1862348178137652,1
1529306,2026,5,4,Sunrisers Hyderabad,Chennai Super Kings,36,1,0.21566401816118047,1
1529306,2026,5,5,Sunrisers Hyderabad,Chennai Super Kings,37,1,0.21566401816118047,1
1529306,2026,5,6,Sunrisers Hyderabad,Chennai Super Kings,38,1,0.1862348178137652,1
1529306,2026,6,1,Sunrisers Hyderabad,Chennai Super Kings,38,1,0.24605678233438485,1
1529306,2026,6,2,Sunrisers Hyderabad,Chennai Super Kings,39,1,0.21566401816118047,1
1529306,2026,6,3,Sunrisers Hyderabad,Chennai Super Kings,39,1,0.24605678233438485,1
1529306,2026,6,4,Sunrisers Hyderabad,Chennai Super Kings,39,1,0.24605678233438485,1
1529306,2026,6,5,Sunrisers Hyderabad,Chennai Super Kings,45,1,0.21566401816118047,1
1529306,2026,6,6,Sunrisers Hyderabad,Chennai Super Kings,45,1,0.21566401816118047,1
1529306,2026,7,1,Sunrisers Hyderabad,Chennai Super Kings,45,1,0.24605678233438485,1
1529306,2026,7,2,Sunrisers Hyderabad,Chennai Super Kings,46,1,0.24605678233438485,1
1529306,2026,7,3,Sunrisers Hyderabad,Chennai Super Kings,47,1,0.24605678233438485,1
1529306,2026,7,4,Sunrisers Hyderabad,Chennai Super Kings,47,1,0.24605678233438485,1
1529306,2026,7,5,Sunrisers Hyderabad,Chennai Super Kings,47,1,0.24605678233438485,1
1529306,2026,7,6,Sunrisers Hyderabad,Chennai Super Kings,53,1,0.24605678233438485,1
1529306,2026,8,1,Sunrisers Hyderabad,Chennai Super Kings,54,1,0.24605678233438485,1
1529306,2026,8,2,Sunrisers Hyderabad,Chennai Super Kings,55,1,0.24605678233438485,1
1529306,2026,8,3,Sunrisers Hyderabad,Chennai Super Kings,56,1,0.24605678233438485,1
1529306,2026,8,4,Sunrisers Hyderabad,Chennai Super Kings,56,2,0.11052631578947368,1
1529306,2026,8,5,Sunrisers Hyderabad,Chennai Super Kings,56,2,0.07075471698113207,1
1529306,2026,8,6,Sunrisers Hyderabad,Chennai Super Kings,57,2,0.07075471698113207,1
1529306,2026,9,1,Sunrisers Hyderabad,Chennai Super Kings,58,2,0.11052631578947368,1
1529306,2026,9,2,Sunrisers Hyderabad,Chennai Super Kings,59,2,0.07075471698113207,1
1529306,2026,9,3,Sunrisers Hyderabad,Chennai Super Kings,59,2,0.07075471698113207,1
1529306,2026,9,4,Sunrisers Hyderabad,Chennai Super Kings,59,2,0.07075471698113207,1
1529306,2026,9,5,Sunrisers Hyderabad,Chennai Super Kings,63,2,0.07075471698113207,1
1529306,2026,9,6,Sunrisers Hyderabad,Chennai Super Kings,64,2,0.07075471698113207,1
1529306,2026,10,1,Sunrisers Hyderabad,Chennai Super Kings,64,2,0.07075471698113207,1
1529306,2026,10,2,Sunrisers Hyderabad,Chennai Super Kings,64,2,0.11052631578947368,1
1529306,2026,10,3,Sunrisers Hyderabad,Chennai Super Kings,68,2,0.07075471698113207,1
1529306,2026,10,4,Sunrisers Hyderabad,Chennai Super Kings,68,2,0.07075471698113207,1
1529306,2026,10,5,Sunrisers Hyderabad,Chennai Super Kings,74,2,0.03664921465968586,1
1529306,2026,10,6,Sunrisers Hyderabad,Chennai Super Kings,75,2,0.01757469244288225,1
1529306,2026,11,1,Sunrisers Hyderabad,Chennai Super Kings,76,2,0.01757469244288225,1
1529306,2026,11,2,Sunrisers Hyderabad,Chennai Super Kings,77,2,0.01757469244288225,1
1529306,2026,11,3,Sunrisers Hyderabad,Chennai Super Kings,83,2,0.18106995884773663,1
1529306,2026,11,4,Sunrisers Hyderabad,Chennai Super Kings,87,2,0.24605678233438485,1
1529306,2026,11,5,Sunrisers Hyderabad,Chennai Super Kings,88,2,0.21566401816118047,1
1529306,2026,11,6,Sunrisers Hyderabad,Chennai Super Kings,89,2,0.24605678233438485,1
1529306,2026,12,1,Sunrisers Hyderabad,Chennai Super Kings,89,2,0.12693498452012383,1
1529306,2026,12,2,Sunrisers Hyderabad,Chennai Super Kings,93,2,0.21566401816118047,1
1529306,2026,12,3,Sunrisers Hyderabad,Chennai Super Kings,94,2,0.21566401816118047,1
1529306,2026,12,4,Sunrisers Hyderabad,Chennai Super Kings,96,2,0.21566401816118047,1
1529306,2026,12,5,Sunrisers Hyderabad,Chennai Super Kings,97,2,0.21566401816118047,1
1529306,2026,12,6,Sunrisers Hyderabad,Chennai Super Kings,98,2,0.1388888888888889,1
1529306,2026,13,1,Sunrisers Hyderabad,Chennai Super Kings,100,2,0.18106995884773663,1
1529306,2026,13,2,Sunrisers Hyderabad,Chennai Super Kings,106,2,0.44607843137254904,1
1529306,2026,13,3,Sunrisers Hyderabad,Chennai Super Kings,107,2,0.3699421965317919,1
1529306,2026,13,3,Sunrisers Hyderabad,Chennai Super Kings,108,2,0.3699421965317919,1
1529306,2026,13,4,Sunrisers Hyderabad,Chennai Super Kings,109,2,0.3699421965317919,1
1529306,2026,13,5,Sunrisers Hyderabad,Chennai Super Kings,113,2,0.5153061224489796,1
1529306,2026,13,6,Sunrisers Hyderabad,Chennai Super Kings,114,2,0.47523584905660377,1
1529306,2026,14,1,Sunrisers Hyderabad,Chennai Super Kings,115,2,0.5421245421245421,1
1529306,2026,14,2,Sunrisers Hyderabad,Chennai Super Kings,119,2,0.6848137535816619,1
1529306,2026,14,3,Sunrisers Hyderabad,Chennai Super Kings,120,2,0.6848137535816619,1
1529306,2026,14,4,Sunrisers Hyderabad,Chennai Super Kings,121,2,0.5630252100840336,1
1529306,2026,14,4,Sunrisers Hyderabad,Chennai Super Kings,122,2,0.6848137535816619,1
1529306,2026,14,5,Sunrisers Hyderabad,Chennai Super Kings,126,2,0.65625,1
1529306,2026,14,6,Sunrisers Hyderabad,Chennai Super Kings,126,2,0.6332288401253918,1
1529306,2026,15,1,Sunrisers Hyderabad,Chennai Super Kings,127,2,0.6332288401253918,1
1529306,2026,15,2,Sunrisers Hyderabad,Chennai Super Kings,131,2,0.6848137535816619,1
1529306,2026,15,3,Sunrisers Hyderabad,Chennai Super Kings,131,3,0.65625,1
1529306,2026,15,4,Sunrisers Hyderabad,Chennai Super Kings,133,3,0.6332288401253918,1
1529306,2026,15,5,Sunrisers Hyderabad,Chennai Super Kings,137,3,0.6848137535816619,1
1529306,2026,15,6,Sunrisers Hyderabad,Chennai Super Kings,137,3,0.65625,1
1529306,2026,16,1,Sunrisers Hyderabad,Chennai Super Kings,137,3,0.65625,1
1529306,2026,16,2,Sunrisers Hyderabad,Chennai Super Kings,137,3,0.6332288401253918,1
1529306,2026,16,3,Sunrisers Hyderabad,Chennai Super Kings,138,3,0.6332288401253918,1
1529306,2026,16,3,Sunrisers Hyderabad,Chennai Super Kings,139,3,0.65625,1
1529306,2026,16,4,Sunrisers Hyderabad,Chennai Super Kings,140,3,0.6332288401253918,1
1529306,2026,16,5,Sunrisers Hyderabad,Chennai Super Kings,142,3,0.65625,1
1529306,2026,16,6,Sunrisers Hyderabad,Chennai Super Kings,143,3,0.6332288401253918,1
1529306,2026,17,1,Sunrisers Hyderabad,Chennai Super Kings,144,3,0.65625,1
1529306,2026,17,2,Sunrisers Hyderabad,Chennai Super Kings,145,3,0.6332288401253918,1
1529306,2026,17,3,Sunrisers Hyderabad,Chennai Super Kings,146,3,0.5421245421245421,1
1529306,2026,17,4,Sunrisers Hyderabad,Chennai Super Kings,149,3,0.6848137535816619,1
1529306,2026,17,5,Sunrisers Hyderabad,Chennai Super Kings,153,3,0.6848137535816619,1
1529306,2026,17,6,Sunrisers Hyderabad,Chennai Super Kings,153,3,0.6848137535816619,1
1529306,2026,18,1,Sunrisers Hyderabad,Chennai Super Kings,153,4,0.47523584905660377,1
1529306,2026,18,1,Sunrisers Hyderabad,Chennai Super Kings,154,4,0.47523584905660377,1
1529306,2026,18,1,Sunrisers Hyderabad,Chennai Super Kings,155,4,0.5421245421245421,1
1529306,2026,18,2,Sunrisers Hyderabad,Chennai Super Kings,156,4,0.5153061224489796,1
1529306,2026,18,3,Sunrisers Hyderabad,Chennai Super Kings,157,4,0.4854771784232365,1
1529306,2026,18,4,Sunrisers Hyderabad,Chennai Super Kings,158,4,0.47523584905660377,1
1529306,2026,18,5,Sunrisers Hyderabad,Chennai Super Kings,162,4,0.5421245421245421,1
1529306,2026,18,6,Sunrisers Hyderabad,Chennai Super Kings,168,4,0.9432874078820891,1
1529306,2026,19,1,Sunrisers Hyderabad,Chennai Super Kings,174,4,0.9432874078820891,1
1529306,2026,19,2,Sunrisers Hyderabad,Chennai Super Kings,175,4,0.9432874078820891,1
1529306,2026,19,3,Sunrisers Hyderabad,Chennai Super Kings,175,5,0.9432874078820891,1
1529306,2026,19,4,Sunrisers Hyderabad,Chennai Super Kings,176,5,0.9432874078820891,1
1529306,2026,19,5,Sunrisers Hyderabad,Chennai Super Kings,177,5,0.9432874078820891,1
